index,uid
0,897
1,898
2,899
3,900
4,901
5,902
6,903
7,904
8,905
9,906
10,907
11,908
12,909
13,910
14,911
15,912
16,913
17,914
18,915
19,916
20,917
21,918
22,919
23,920
24,921
25,922
26,923
27,924
28,925
29,926
30,927
31,928
32,929
33,930
34,931
35,932
36,933
37,934
38,935
39,936
40,937
41,938
42,939
43,940
44,941
45,942
46,943
47,944
48,945
49,946
50,947
51,948
52,949
53,950
54,951
55,952
56,953
57,954
58,955
59,956
60,957
61,958
62,959
63,960
64,961
65,962
66,963
67,964
68,965
69,966
70,967
71,968
72,969
73,970
74,971
75,972
76,973
77,974
78,975
79,976
80,977
81,978
82,979
83,980
84,981
85,982
86,983
87,984
88,985
89,986
90,987
91,988
92,989
93,990
94,991
95,992
96,993
97,994
98,995
99,996
100,997
101,998
102,999
103,1000
104,1
105,2
106,3
107,4
108,5
109,6
110,7
111,8
112,9
113,10
114,11
115,12
116,13
117,14
118,15
119,16
120,17
121,18
122,19
123,20
124,21
125,22
126,23
127,24
128,25
129,26
130,27
131,28
132,29
133,30
134,31
135,32
136,33
137,34
138,35
139,36
140,37
141,38
142,39
143,40
144,41
145,42
146,43
147,44
148,45
149,46
150,47
151,48
152,49
153,50
154,51
155,52
156,53
157,54
158,55
159,56
160,57
161,58
162,59
163,60
164,61
165,62
166,63
167,64
168,65
169,66
170,67
171,68
172,69
173,70
174,71
175,72
176,73
177,74
178,75
179,76
180,77
181,78
182,79
183,80
184,81
185,82
186,83
187,84
188,85
189,86
190,87
191,88
192,89
193,90
194,91
195,92
196,93
197,94
198,95
199,96
200,97
201,98
202,99
203,100
204,101
205,102
206,103
207,104
208,105
209,106
210,107
211,108
212,109
213,110
214,111
215,112
216,113
217,114
218,115
219,116
220,117
221,118
222,119
223,120
224,121
225,122
226,123
227,124
228,125
229,126
230,127
231,128
232,129
233,130
234,131
235,132
236,133
237,134
238,135
239,136
240,137
241,138
242,139
243,140
244,141
245,142
246,143
247,144
248,145
249,146
250,147
251,148
252,149
253,150
254,151
255,152
256,153
257,154
258,155
259,156
260,157
261,158
262,159
263,160
264,161
265,162
266,163
267,164
268,165
269,166
270,167
271,168
272,169
273,170
274,171
275,172
276,173
277,174
278,175
279,176
280,177
281,178
282,179
283,180
284,181
285,182
286,183
287,184
288,185
289,186
290,187
291,188
292,189
293,190
294,191
295,192
296,193
297,194
298,195
299,196
300,197
301,198
302,199
303,200
304,201
305,202
306,203
307,204
308,205
309,206
310,207
311,208
312,209
313,210
314,211
315,212
316,213
317,214
318,215
319,216
320,217
321,218
322,219
323,220
324,221
325,222
326,223
327,224
328,225
329,226
330,227
331,228
332,229
333,230
334,231
335,232
336,233
337,234
338,235
339,236
340,237
341,238
342,239
343,240
344,241
345,242
346,243
347,244
348,245
349,246
350,247
351,248
352,249
353,250
354,251
355,252
356,253
357,254
358,255
359,256
360,257
361,258
362,259
363,260
364,261
365,262
366,263
367,264
368,265
369,266
370,267
371,268
372,269
373,270
374,271
375,272
376,273
377,274
378,275
379,276
380,277
381,278
382,279
383,280
384,281
385,282
386,283
387,284
388,285
389,286
390,287
391,288
392,289
393,290
394,291
395,292
396,293
397,294
398,295
399,296
400,297
401,298
402,299
403,300
404,301
405,302
406,303
407,304
408,305
409,306
410,307
411,308
412,309
413,310
414,311
415,312
416,313
417,314
418,315
419,316
420,317
421,318
422,319
423,320
424,321
425,322
426,323
427,324
428,325
429,326
430,327
431,328
432,329
433,330
434,331
435,332
436,333
437,334
438,335
439,336
440,337
441,338
442,339
443,340
444,341
445,342
446,343
447,344
448,345
449,346
450,347
451,348
452,349
453,350
454,351
455,352
456,353
457,354
458,355
459,356
460,357
461,358
462,359
463,360
464,361
465,362
466,363
467,364
468,365
469,366
470,367
471,368
472,369
473,370
474,371
475,372
476,373
477,374
478,375
479,376
480,377
481,378
482,379
483,380
484,381
485,382
486,383
487,384
488,385
489,386
490,387
491,388
492,389
493,390
494,391
495,392
496,393
497,394
498,395
499,396
500,397
501,398
502,399
503,400
504,401
505,402
506,403
507,404
508,405
509,406
510,407
511,408
512,409
513,410
514,411
515,412
516,413
517,414
518,415
519,416
520,417
521,418
522,419
523,420
524,421
525,422
526,423
527,424
528,425
529,426
530,427
531,428
532,429
533,430
534,431
535,432
536,433
537,434
538,435
539,436
540,437
541,438
542,439
543,440
544,441
545,442
546,443
547,444
548,445
549,446
550,447
551,448
552,449
553,450
554,451
555,452
556,453
557,454
558,455
559,456
560,457
561,458
562,459
563,460
564,461
565,462
566,463
567,464
568,465
569,466
570,467
571,468
572,469
573,470
574,471
575,472
576,473
577,474
578,475
579,476
580,477
581,478
582,479
583,480
584,481
585,482
586,483
587,484
588,485
589,486
590,487
591,488
592,489
593,490
594,491
595,492
596,493
597,494
598,495
599,496
600,497
601,498
602,499
603,500
604,501
605,502
606,503
607,504
608,505
609,506
610,507
611,508
612,509
613,510
614,511
615,512
616,513
617,514
618,515
619,516
620,517
621,518
622,519
623,520
624,521
625,522
626,523
627,524
628,525
629,526
630,527
631,528
632,529
633,530
634,531
635,532
636,533
637,534
638,535
639,536
640,537
641,538
642,539
643,540
644,541
645,542
646,543
647,544
648,545
649,546
650,547
651,548
652,549
653,550
654,551
655,552
656,553
657,554
658,555
659,556
660,557
661,558
662,559
663,560
664,561
665,562
666,563
667,564
668,565
669,566
670,567
671,568
672,569
673,570
674,571
675,572
676,573
677,574
678,575
679,576
680,577
681,578
682,579
683,580
684,581
685,582
686,583
687,584
688,585
689,586
690,587
691,588
692,589
693,590
694,591
695,592
696,593
697,594
698,595
699,596
700,597
701,598
702,599
703,600
704,601
705,602
706,603
707,604
708,605
709,606
710,607
711,608
712,609
713,610
714,611
715,612
716,613
717,614
718,615
719,616
720,617
721,618
722,619
723,620
724,621
725,622
726,623
727,624
728,625
729,626
730,627
731,628
732,629
733,630
734,631
735,632
736,633
737,634
738,635
739,636
740,637
741,638
742,639
743,640
744,641
745,642
746,643
747,644
748,645
749,646
750,647
751,648
752,649
753,650
754,651
755,652
756,653
757,654
758,655
759,656
760,657
761,658
762,659
763,660
764,661
765,662
766,663
767,664
768,665
769,666
770,667
771,668
772,669
773,670
774,671
775,672
776,673
777,674
778,675
779,676
780,677
781,678
782,679
783,680
784,681
785,682
786,683
787,684
788,685
789,686
790,687
791,688
792,689
793,690
794,691
795,692
796,693
797,694
798,695
799,696
800,697
801,698
802,699
803,700
804,701
805,702
806,703
807,704
808,705
809,706
810,707
811,708
812,709
813,710
814,711
815,712
816,713
817,714
818,715
819,716
820,717
821,718
822,719
823,720
824,721
825,722
826,723
827,724
828,725
829,726
830,727
831,728
832,729
833,730
834,731
835,732
836,733
837,734
838,735
839,736
840,737
841,738
842,739
843,740
844,741
845,742
846,743
847,744
848,745
849,746
850,747
851,748
852,749
853,750
854,751
855,752
856,753
857,754
858,755
859,756
860,757
861,758
862,759
863,760
864,761
865,762
866,763
867,764
868,765
869,766
870,767
871,768
872,769
873,770
874,771
875,772
876,773
877,774
878,775
879,776
880,777
881,778
882,779
883,780
884,781
885,782
886,783
887,784
888,785
889,786
890,787
891,788
892,789
893,790
894,791
895,792
896,793
897,794
898,795
899,796
900,797
901,798
902,799
903,800
904,801
905,802
906,803
907,804
908,805
909,806
910,807
911,808
912,809
913,810
914,811
915,812
916,813
917,814
918,815
919,816
920,817
921,818
922,819
923,820
924,821
925,822
926,823
927,824
928,825
929,826
930,827
931,828
932,829
933,830
934,831
935,832
936,833
937,834
938,835
939,836
940,837
941,838
942,839
943,840
944,841
945,842
946,843
947,844
948,845
949,846
950,847
951,848
952,849
953,850
954,851
955,852
956,853
957,854
958,855
959,856
960,857
961,858
962,859
963,860
964,861
965,862
966,863
967,864
968,865
969,866
970,867
971,868
972,869
973,870
974,871
975,872
976,873
977,874
978,875
979,876
980,877
981,878
982,879
983,880
984,881
985,882
986,883
987,884
988,885
989,886
990,887
991,888
992,889
993,890
994,891
995,892
996,893
997,894
998,895
999,896
1000,897
