trade_id,user_id,asset_id,op,delta,balance_after
1,86,2,debit,1955359,9999998044641
1,86,1,credit,23012800,10023012800
1,57,1,debit,23012800,9976987200
1,57,2,credit,1955359,10000001955359
2,68,2,debit,1370000,9999998630000
2,68,1,credit,16149600,10016149600
2,57,1,debit,16149600,9960837600
2,57,2,credit,1370000,10000003325359
3,5,2,debit,11342739,9999988657261
3,5,1,credit,133708500,10133708500
3,57,1,debit,133708500,9827129100
3,57,2,credit,11342739,10000014668098
4,5,2,debit,1733428,9999986923833
4,5,1,credit,20389600,10154098100
4,79,1,debit,20389600,9979610400
4,79,2,credit,1733428,10000001733428
5,5,2,debit,554033,9999986369800
5,5,1,credit,6510900,10160609000
5,48,1,debit,6510900,9993489100
5,48,2,credit,554033,10000000554033
6,5,2,debit,5459793,9999980910007
6,5,1,credit,64162500,10224771500
6,20,1,debit,64162500,9935837500
6,20,2,credit,5459793,10000005459793
7,9,2,debit,15716,9999999984284
7,9,1,credit,184000,10000184000
7,51,1,debit,184000,9999816000
7,51,2,credit,15716,10000000015716
8,9,2,debit,1154026,9999998830258
8,9,1,credit,13510900,10013694900
8,72,1,debit,13510900,9986489100
8,72,2,credit,1154026,10000001154026
9,80,2,debit,15263,9999999984737
9,80,1,credit,179500,10000179500
9,59,1,debit,179500,9999820500
9,59,2,credit,15263,10000000015263
10,1,2,debit,98843,9999999901157
10,1,1,credit,1167600,10001167600
10,59,1,debit,1167600,9998652900
10,59,2,credit,98843,10000000114106
11,39,2,debit,14425,9999999985575
11,39,1,credit,170500,10000170500
11,14,1,debit,170500,9999829500
11,14,2,credit,14425,10000000014425
12,10,2,debit,449508,9999999550492
12,10,1,credit,5313000,10005313000
12,14,1,debit,5313000,9994516500
12,14,2,credit,449508,10000000463933
13,10,2,debit,64744614,9999934805878
13,10,1,credit,764802400,10770115400
13,59,1,debit,764802400,9233850500
13,59,2,credit,64744614,10000064858720
14,10,2,debit,3931732,9999930874146
14,10,1,credit,46350400,10816465800
14,21,1,debit,46350400,9953649600
14,21,2,credit,3931732,10000003931732
15,34,2,debit,10747581,9999989252419
15,34,1,credit,127057300,10127057300
15,21,1,debit,127057300,9826592300
15,21,2,credit,10747581,10000014679313
16,99,2,debit,23681,9999999976319
16,99,1,credit,280200,10000280200
16,21,1,debit,280200,9826312100
16,21,2,credit,23681,10000014702994
17,96,2,debit,6007867,9999993992133
17,96,1,credit,71087900,10071087900
17,21,1,debit,71087900,9755224200
17,21,2,credit,6007867,10000020710861
18,75,2,debit,1908469,9999998091531
18,75,1,credit,22581900,10022581900
18,21,1,debit,22581900,9732642300
18,21,2,credit,1908469,10000022619330
19,29,2,debit,16234,9999999983766
19,29,1,credit,192100,10000192100
19,21,1,debit,192100,9732450200
19,21,2,credit,16234,10000022635564
20,6,2,debit,13467739,9999986532261
20,6,1,credit,159356600,10159356600
20,21,1,debit,159356600,9573093600
20,21,2,credit,13467739,10000036103303
21,30,2,debit,24294536,9999975705464
21,30,1,credit,287476000,10287476000
21,58,1,debit,287476000,9712524000
21,58,2,credit,24294536,10000024294536
22,27,2,debit,6606576,9999993393424
22,27,1,credit,78236700,10078236700
22,58,1,debit,78236700,9634287300
22,58,2,credit,6606576,10000030901112
23,20,2,debit,49895482,9999955564311
23,20,1,credit,593005000,10528842500
23,58,1,debit,593005000,9041282300
23,58,2,credit,49895482,10000080796594
24,20,2,debit,8773063,9999946791248
24,20,1,credit,103807000,10632649500
24,21,1,debit,103807000,9469286600
24,21,2,credit,8773063,10000044876366
25,76,2,debit,25497,9999999974503
25,76,1,credit,301700,10000301700
25,21,1,debit,301700,9468984900
25,21,2,credit,25497,10000044901863
26,31,2,debit,2537762,9999997462238
26,31,1,credit,30028000,10030028000
26,21,1,debit,30028000,9438956900
26,21,2,credit,2537762,10000047439625
27,83,2,debit,3966222,9999996033778
27,83,1,credit,46930200,10046930200
27,21,1,debit,46930200,9392026700
27,21,2,credit,3966222,10000051405847
28,84,2,debit,24466,9999999975534
28,84,1,credit,289500,10000289500
28,21,1,debit,289500,9391737200
28,21,2,credit,24466,10000051430313
29,36,2,debit,6271531,9999993728469
29,36,1,credit,74207700,10074207700
29,21,1,debit,74207700,9317529500
29,21,2,credit,6271531,10000057701844
30,32,2,debit,108058,9999999891942
30,32,1,credit,1278600,10001278600
30,21,1,debit,1278600,9316250900
30,21,2,credit,108058,10000057809902
31,1,2,debit,3080371,9999996820786
31,1,1,credit,36448400,10037616000
31,21,1,debit,36448400,9279802500
31,21,2,credit,3080371,10000060890273
32,1,2,debit,573014,9999996247772
32,1,1,credit,6743700,10044359700
32,85,1,debit,6743700,9993256300
32,85,2,credit,573014,10000000573014
33,1,2,debit,1836292,9999994411480
33,1,1,credit,21584000,10065943700
33,68,1,debit,21584000,9994565600
33,68,2,credit,1836292,10000000466292
34,1,2,debit,361573,9999994049907
34,1,1,credit,4248500,10070192200
34,73,1,debit,4248500,9995751500
34,73,2,credit,361573,10000000361573
35,1,2,debit,28305201,9999965744706
35,1,1,credit,332215600,10402407800
35,72,1,debit,332215600,9654273500
35,72,2,credit,28305201,10000029459227
36,1,2,debit,984334,9999964760372
36,1,1,credit,11535700,10413943500
36,20,1,debit,11535700,10621113800
36,20,2,credit,984334,9999947775582
37,52,2,debit,389136,9999999610864
37,52,1,credit,4560400,10004560400
37,20,1,debit,4560400,10616553400
37,20,2,credit,389136,9999948164718
38,85,2,debit,31038,10000000541976
38,85,1,credit,363700,9993620000
38,68,1,debit,363700,9994201900
38,68,2,credit,31038,10000000497330
39,85,2,debit,68594,10000000473382
39,85,1,credit,803700,9994423700
39,74,1,debit,803700,9999196300
39,74,2,credit,68594,10000000068594
40,52,2,debit,141860,9999999469004
40,52,1,credit,1662500,10006222900
40,58,1,debit,1662500,9039619800
40,58,2,credit,141860,10000080938454
41,52,2,debit,216609,9999999252395
41,52,1,credit,2538500,10008761400
41,98,1,debit,2538500,9997461500
41,98,2,credit,216609,10000000216609
42,52,2,debit,10751039,9999988501356
42,52,1,credit,125993900,10134755300
42,86,1,debit,125993900,9897018900
42,86,2,credit,10751039,10000008795680
43,47,2,debit,446868,9999999553132
43,47,1,credit,5237800,10005237800
43,86,1,debit,5237800,9891781100
43,86,2,credit,446868,10000009242548
44,29,2,debit,175159,9999999808607
44,29,1,credit,2056100,10002248200
44,13,1,debit,2056100,9997943900
44,13,2,credit,175159,10000000175159
45,0,2,debit,30432,9999999969568
45,0,1,credit,358000,10000358000
45,13,1,debit,358000,9997585900
45,13,2,credit,30432,10000000205591
46,0,2,debit,213661,9999999755907
46,0,1,credit,2505400,10002863400
46,86,1,debit,2505400,9889275700
46,86,2,credit,213661,10000009456209
47,84,2,debit,146480,9999999829054
47,84,1,credit,1726400,10002015900
47,51,1,debit,1726400,9998089600
47,51,2,credit,146480,10000000162196
48,45,2,debit,139044,9999999860956
48,45,1,credit,1642500,10001642500
48,78,1,debit,1642500,9998357500
48,78,2,credit,139044,10000000139044
49,3,2,debit,1252334,9999998747666
49,3,1,credit,14779900,10014779900
49,51,1,debit,14779900,9983309700
49,51,2,credit,1252334,10000001414530
50,71,2,debit,5179184,9999994820816
50,71,1,credit,60764100,10060764100
50,99,1,debit,60764100,9939516100
50,99,2,credit,5179184,10000005155503
51,71,2,debit,34695583,9999960125233
51,71,1,credit,406841900,10467606000
51,86,1,debit,406841900,9482433800
51,86,2,credit,34695583,10000044151792
52,3,2,debit,17837784,9999980909882
52,3,1,credit,210027700,10224807600
52,64,1,debit,210027700,9789972300
52,64,2,credit,17837784,10000017837784
53,3,2,debit,2189078,9999978720804
53,3,1,credit,25774900,10250582500
53,20,1,debit,25774900,10590778500
53,20,2,credit,2189078,9999950353796
54,94,2,debit,3832092,9999996167908
54,94,1,credit,45228800,10045228800
54,20,1,debit,45228800,10545549700
54,20,2,credit,3832092,9999954185888
55,45,2,debit,80929,9999999780027
55,45,1,credit,956000,10002598500
55,20,1,debit,956000,10544593700
55,20,2,credit,80929,9999954266817
56,11,2,debit,4155962,9999995844038
56,11,1,credit,49111400,10049111400
56,20,1,debit,49111400,10495482300
56,20,2,credit,4155962,9999958422779
57,55,2,debit,88256,9999999911744
57,55,1,credit,1044500,10001044500
57,20,1,debit,1044500,10494437800
57,20,2,credit,88256,9999958511035
58,80,2,debit,105875,9999999878862
58,80,1,credit,1254300,10001433800
58,20,1,debit,1254300,10493183500
58,20,2,credit,105875,9999958616910
59,53,2,debit,8899166,9999991100834
59,53,1,credit,105427700,10105427700
59,20,1,debit,105427700,10387755800
59,20,2,credit,8899166,9999967516076
60,53,2,debit,30354,9999991070480
60,53,1,credit,357700,10105785400
60,34,1,debit,357700,10126699600
60,34,2,credit,30354,9999989282773
61,89,2,debit,18830111,9999981169889
61,89,1,credit,220802700,10220802700
61,86,1,debit,220802700,9261631100
61,86,2,credit,18830111,10000062981903
62,89,2,debit,3964473,9999977205416
62,89,1,credit,46453700,10267256400
62,49,1,debit,46453700,9953546300
62,49,2,credit,3964473,10000003964473
63,53,2,debit,2753609,9999988316871
63,53,1,credit,32382500,10138167900
63,49,1,debit,32382500,9921163800
63,49,2,credit,2753609,10000006718082
64,84,2,debit,87103,9999999741951
64,84,1,credit,1021100,10003037000
64,48,1,debit,1021100,9992468000
64,48,2,credit,87103,10000000641136
65,84,2,debit,4062581,9999995679370
65,84,1,credit,47625000,10050662000
65,16,1,debit,47625000,9952375000
65,16,2,credit,4062581,10000004062581
66,84,2,debit,40007,9999995639363
66,84,1,credit,469000,10051131000
66,27,1,debit,469000,10077767700
66,27,2,credit,40007,9999993433431
67,74,2,debit,6182599,10000000068594
67,74,1,credit,72439500,9999196300
67,74,1,debit,72439500,9999196300
67,74,2,credit,6182599,10000000068594
68,74,2,debit,21038,10000000047556
68,74,1,credit,246400,9999442700
68,9,1,debit,246400,10013448500
68,9,2,credit,21038,9999998851296
69,80,2,debit,21529978,9999978348884
69,80,1,credit,251868000,10253301800
69,16,1,debit,251868000,9700507000
69,16,2,credit,21529978,10000025592559
70,74,2,debit,30405517,9999969642039
70,74,1,credit,355965900,10355408600
70,13,1,debit,355965900,9641620000
70,13,2,credit,30405517,10000030611108
71,15,2,debit,208941,9999999791059
71,15,1,credit,2448000,10002448000
71,13,1,debit,2448000,9639172000
71,13,2,credit,208941,10000030820049
72,84,2,debit,20835219,9999974804144
72,84,1,credit,244248000,10295379000
72,13,1,debit,244248000,9394924000
72,13,2,credit,20835219,10000051655268
73,41,2,debit,560970,9999999439030
73,41,1,credit,6588700,10006588700
73,13,1,debit,6588700,9388335300
73,13,2,credit,560970,10000052216238
74,35,2,debit,991487,9999999008513
74,35,1,credit,11654900,10011654900
74,13,1,debit,11654900,9376680400
74,13,2,credit,991487,10000053207725
75,53,2,debit,65459,9999988251412
75,53,1,credit,769800,10138937700
75,11,1,debit,769800,10048341600
75,11,2,credit,65459,9999995909497
76,53,2,debit,428162,9999987823250
76,53,1,credit,5035200,10143972900
76,39,1,debit,5035200,9995135300
76,39,2,credit,428162,10000000413737
77,24,2,debit,6462130,9999993537870
77,24,1,credit,75962100,10075962100
77,13,1,debit,75962100,9300718300
77,13,2,credit,6462130,10000059669855
78,24,2,debit,1198751,9999992339119
78,24,1,credit,14074400,10090036500
78,42,1,debit,14074400,9985925600
78,42,2,credit,1198751,10000001198751
79,53,2,debit,23152750,9999964670500
79,53,1,credit,272276800,10416249700
79,70,1,debit,272276800,9727723200
79,70,2,credit,23152750,10000023152750
80,83,2,debit,53284,9999995980494
80,83,1,credit,627300,10047557500
80,1,1,debit,627300,10413316200
80,1,2,credit,53284,9999964813656
81,53,2,debit,587415,9999964083085
81,53,1,credit,6916500,10423166200
81,1,1,debit,6916500,10406399700
81,1,2,credit,587415,9999965401071
82,73,2,debit,34387,10000000327186
82,73,1,credit,404500,9996156000
82,70,1,debit,404500,9727318700
82,70,2,credit,34387,10000023187137
83,38,2,debit,2130766,9999997869234
83,38,1,credit,25063900,10025063900
83,70,1,debit,25063900,9702254800
83,70,2,credit,2130766,10000025317903
84,82,2,debit,16438,9999999983562
84,82,1,credit,193000,10000193000
84,42,1,debit,193000,9985732600
84,42,2,credit,16438,10000001215189
85,37,2,debit,17861,9999999982139
85,37,1,credit,209800,10000209800
85,51,1,debit,209800,9983099900
85,51,2,credit,17861,10000001432391
86,37,2,debit,10803,9999999971336
86,37,1,credit,126900,10000336700
86,77,1,debit,126900,9999873100
86,77,2,credit,10803,10000000010803
87,37,2,debit,42745,9999999928591
87,37,1,credit,502100,10000838800
87,97,1,debit,502100,9999497900
87,97,2,credit,42745,10000000042745
88,37,2,debit,374,9999999928217
88,37,1,credit,4400,10000843200
88,56,1,debit,4400,9999995600
88,56,2,credit,374,10000000000374
89,38,2,debit,44922,9999997824312
89,38,1,credit,527700,10025591600
89,56,1,debit,527700,9999467900
89,56,2,credit,44922,10000000045296
90,38,2,debit,7545488,9999990278824
90,38,1,credit,88636700,10114228300
90,80,1,debit,88636700,10164665100
90,80,2,credit,7545488,9999985894372
91,84,2,debit,16977,9999974787167
91,84,1,credit,199600,10295578600
91,80,1,debit,199600,10164465500
91,80,2,credit,16977,9999985911349
92,75,2,debit,426801,9999997664730
92,75,1,credit,5018300,10027600200
92,80,1,debit,5018300,10159447200
92,80,2,credit,426801,9999986338150
93,79,2,debit,1340144,10000000393284
93,79,1,credit,15783700,9995394100
93,80,1,debit,15783700,10143663500
93,80,2,credit,1340144,9999987678294
94,95,2,debit,24289467,9999975710533
94,95,1,credit,285830000,10285830000
94,84,1,debit,285830000,10009748600
94,84,2,credit,24289467,9999999076634
95,79,2,debit,277322,10000000115962
95,79,1,credit,3266200,9998660300
95,84,1,debit,3266200,10006482400
95,84,2,credit,277322,9999999353956
96,79,2,debit,274019,9999999841943
96,79,1,credit,3227300,10001887600
96,61,1,debit,3227300,9996772700
96,61,2,credit,274019,10000000274019
97,24,2,debit,923852,9999991415267
97,24,1,credit,10851500,10100888000
97,91,1,debit,10851500,9989148500
97,91,2,credit,923852,10000000923852
98,24,2,debit,133305,9999991281962
98,24,1,credit,1564000,10102452000
98,43,1,debit,1564000,9998436000
98,43,2,credit,133305,10000000133305
99,24,2,debit,562624,9999990719338
99,24,1,credit,6596300,10109048300
99,36,1,debit,6596300,10067611400
99,36,2,credit,562624,9999994291093
100,24,2,debit,30808,9999990688530
100,24,1,credit,360900,10109409200
100,89,1,debit,360900,10266895500
100,89,2,credit,30808,9999977236224
101,42,2,debit,1080298,10000000134891
101,42,1,credit,12700000,9998432600
101,5,1,debit,12700000,10212071500
101,5,2,credit,1080298,9999981990305
102,83,2,debit,13895007,9999982085487
102,83,1,credit,163349800,10210907300
102,5,1,debit,163349800,10048721700
102,5,2,credit,13895007,9999995885312
103,56,2,debit,85069,9999999960227
103,56,1,credit,1000900,10000468800
103,75,1,debit,1000900,10026599300
103,75,2,credit,85069,9999997749799
104,56,2,debit,4989368,9999994970859
104,56,1,credit,58703300,10059172100
104,25,1,debit,58703300,9941296700
104,25,2,credit,4989368,10000004989368
105,63,2,debit,585615,9999999414385
105,63,1,credit,6891000,10006891000
105,25,1,debit,6891000,9934405700
105,25,2,credit,585615,10000005574983
106,79,2,debit,8866151,9999990975792
106,79,1,credit,104422100,10106309700
106,25,1,debit,104422100,9829983600
106,25,2,credit,8866151,10000014441134
107,23,2,debit,24281,9999999975719
107,23,1,credit,286000,10000286000
107,25,1,debit,286000,9829697600
107,25,2,credit,24281,10000014465415
108,13,2,debit,176897,10000059492958
108,13,1,credit,2085500,9302803800
108,25,1,debit,2085500,9827612100
108,25,2,credit,176897,10000014642312
109,38,2,debit,5761769,9999984517055
109,38,1,credit,67931900,10182160200
109,25,1,debit,67931900,9759680200
109,25,2,credit,5761769,10000020404081
110,43,2,debit,804265,9999999329040
110,43,1,credit,9489100,10007925100
110,25,1,debit,9489100,9750191100
110,25,2,credit,804265,10000021208346
111,69,2,debit,781030,9999999218970
111,69,1,credit,9216200,10009216200
111,25,1,debit,9216200,9740974900
111,25,2,credit,781030,10000021989376
112,95,2,debit,268992,9999975441541
112,95,1,credit,3157700,10288987700
112,5,1,debit,3157700,10045564000
112,5,2,credit,268992,9999996154304
113,95,2,debit,66806,9999975374735
113,95,1,credit,782600,10289770300
113,89,1,debit,782600,10266112900
113,89,2,credit,66806,9999977303030
114,95,2,debit,17987227,9999957387508
114,95,1,credit,210524300,10500294600
114,73,1,debit,210524300,9785631700
114,73,2,credit,17987227,10000018314413
115,35,2,debit,1558179,9999997450334
115,35,1,credit,18353400,10030008300
115,37,1,debit,18353400,9982489800
115,37,2,credit,1558179,10000001486396
116,9,2,debit,4302120,9999994549176
116,9,1,credit,50733500,10064182000
116,37,1,debit,50733500,9931756300
116,37,2,credit,4302120,10000005788516
117,53,2,debit,19474,9999964063611
117,53,1,credit,229700,10423395900
117,50,1,debit,229700,9999770300
117,50,2,credit,19474,10000000019474
118,53,2,debit,8115446,9999955948165
118,53,1,credit,95702800,10519098700
118,37,1,debit,95702800,9836053500
118,37,2,credit,8115446,10000013903962
119,53,2,debit,3357614,9999952590551
119,53,1,credit,39532800,10558631500
119,89,1,debit,39532800,10226580100
119,89,2,credit,3357614,9999980660644
120,53,2,debit,42942,9999952547609
120,53,1,credit,504200,10559135700
120,41,1,debit,504200,10006084500
120,41,2,credit,42942,9999999481972
121,53,2,debit,37021495,9999915526114
121,53,1,credit,434473500,10993609200
121,56,1,debit,434473500,9624698600
121,56,2,credit,37021495,10000031992354
122,69,2,debit,1719052,9999997499918
122,69,1,credit,20284900,10029501100
122,56,1,debit,20284900,9604413700
122,56,2,credit,1719052,10000033711406
123,95,2,debit,2904485,9999954483023
123,95,1,credit,34276100,10534570700
123,56,1,debit,34276100,9570137600
123,56,2,credit,2904485,10000036615891
124,62,2,debit,111322,9999999888678
124,62,1,credit,1314100,10001314100
124,56,1,debit,1314100,9568823500
124,56,2,credit,111322,10000036727213
125,28,2,debit,12184784,9999987815216
125,28,1,credit,143843300,10143843300
125,56,1,debit,143843300,9424980200
125,56,2,credit,12184784,10000048911997
126,28,2,debit,230475,9999987584741
126,28,1,credit,2720800,10146564100
126,12,1,debit,2720800,9997279200
126,12,2,credit,230475,10000000230475
127,75,2,debit,9829,9999997749799
127,75,1,credit,115600,10026599300
127,75,1,debit,115600,10026599300
127,75,2,credit,9829,9999997749799
128,75,2,debit,880948,9999996868851
128,75,1,credit,10359900,10036959200
128,13,1,debit,10359900,9292443900
128,13,2,credit,880948,10000060373906
129,75,2,debit,14889,9999996853962
129,75,1,credit,175100,10037134300
129,5,1,debit,175100,10045388900
129,5,2,credit,14889,9999996169193
130,56,2,debit,33377,10000048878620
130,56,1,credit,392000,9425372200
130,16,1,debit,392000,9700115000
130,16,2,credit,33377,10000025625936
131,75,2,debit,555206,9999996298756
131,75,1,credit,6529200,10043663500
131,48,1,debit,6529200,9985938800
131,48,2,credit,555206,10000001196342
132,12,2,debit,10139533,9999990090942
132,12,1,credit,119083300,10116362500
132,16,1,debit,119083300,9581031700
132,16,2,credit,10139533,10000035765469
133,75,2,debit,544271,9999995754485
133,75,1,credit,6400600,10050064100
133,27,1,debit,6400600,10071367100
133,27,2,credit,544271,9999993977702
134,75,2,debit,24498,9999995729987
134,75,1,credit,288100,10050352200
134,71,1,debit,288100,10467317900
134,71,2,credit,24498,9999960149731
135,75,2,debit,8996,9999995720991
135,75,1,credit,105800,10050458000
135,43,1,debit,105800,10007819300
135,43,2,credit,8996,9999999338036
136,75,2,debit,952751,9999994768240
136,75,1,credit,11204300,10061662300
136,62,1,debit,11204300,9990109800
136,62,2,credit,952751,10000000841429
137,98,2,debit,325581,9999999891028
137,98,1,credit,3828800,10001290300
137,31,1,debit,3828800,10026199200
137,31,2,credit,325581,9999997787819
138,67,2,debit,151257,9999999848743
138,67,1,credit,1778700,10001778700
138,51,1,debit,1778700,9981321200
138,51,2,credit,151257,10000001583648
139,67,2,debit,19172,9999999829571
139,67,1,credit,225200,10002003900
139,88,1,debit,225200,9999774800
139,88,2,credit,19172,10000000019172
140,67,2,debit,6742645,9999993086926
140,67,1,credit,79188700,10081192600
140,16,1,debit,79188700,9501843000
140,16,2,credit,6742645,10000042508114
141,97,2,debit,806559,9999999236186
141,97,1,credit,9472600,10008970500
141,16,1,debit,9472600,9492370400
141,16,2,credit,806559,10000043314673
142,60,2,debit,7164086,9999992835914
142,60,1,credit,84138300,10084138300
142,16,1,debit,84138300,9408232100
142,16,2,credit,7164086,10000050478759
143,60,2,debit,50525378,9999942310536
143,60,1,credit,593330700,10677469000
143,49,1,debit,593330700,9327833100
143,49,2,credit,50525378,10000057243460
144,98,2,debit,1463137,9999998427891
144,98,1,credit,17206300,10018496600
144,10,1,debit,17206300,10799259500
144,10,2,credit,1463137,9999932337283
145,62,2,debit,68544,10000000772885
145,62,1,credit,805700,9990915500
145,49,1,debit,805700,9327027400
145,49,2,credit,68544,10000057312004
146,98,2,debit,7899435,9999990528456
146,98,1,credit,92896300,10111392900
146,56,1,debit,92896300,9332475900
146,56,2,credit,7899435,10000056778055
147,75,2,debit,793414,9999993974826
147,75,1,credit,9330500,10070992800
147,56,1,debit,9330500,9323145400
147,56,2,credit,793414,10000057571469
148,47,2,debit,11025,9999999542107
148,47,1,credit,129600,10005367400
148,49,1,debit,129600,9326897800
148,49,2,credit,11025,10000057323029
149,55,2,debit,75890,9999999835854
149,55,1,credit,892400,10001936900
149,14,1,debit,892400,9993624100
149,14,2,credit,75890,10000000539823
150,80,2,debit,6367620,9999981310674
150,80,1,credit,74847500,10218511000
150,49,1,debit,74847500,9252050300
150,49,2,credit,6367620,10000063690649
151,32,2,debit,228127,9999999663815
151,32,1,credit,2681500,10003960100
151,49,1,debit,2681500,9249368800
151,49,2,credit,228127,10000063918776
152,23,2,debit,576125,9999999399594
152,23,1,credit,6772000,10007058000
152,49,1,debit,6772000,9242596800
152,49,2,credit,576125,10000064494901
153,99,2,debit,49451,10000005106052
153,99,1,credit,581300,9940097400
153,69,1,debit,581300,10028919800
153,69,2,credit,49451,9999997549369
154,99,2,debit,3568300,10000001537752
154,99,1,credit,41943200,9982040600
154,49,1,debit,41943200,9200653600
154,49,2,credit,3568300,10000068063201
155,99,2,debit,119585,10000001418167
155,99,1,credit,1404500,9983445100
155,91,1,debit,1404500,9987744000
155,91,2,credit,119585,10000001043437
156,99,2,debit,18628,10000001399539
156,99,1,credit,218700,9983663800
156,92,1,debit,218700,9999781300
156,92,2,credit,18628,10000000018628
157,99,2,debit,13799,10000001385740
157,99,1,credit,162000,9983825800
157,49,1,debit,162000,9200491600
157,49,2,credit,13799,10000068077000
158,99,2,debit,5867095,9999995518645
158,99,1,credit,68864600,10052690400
158,73,1,debit,68864600,9716767100
158,73,2,credit,5867095,10000024181508
159,99,2,debit,15118568,9999980400077
159,99,1,credit,177357100,10230047500
159,67,1,debit,177357100,9903835500
159,67,2,credit,15118568,10000008205494
160,55,2,debit,488179,9999999347675
160,55,1,credit,5740500,10007677400
160,15,1,debit,5740500,9996707500
160,15,2,credit,488179,10000000279238
161,43,2,debit,163933,9999999174103
161,43,1,credit,1926800,10009746100
161,23,1,debit,1926800,10005131200
161,23,2,credit,163933,9999999563527
162,72,2,debit,30266,10000029428961
162,72,1,credit,355500,9654629000
162,47,1,debit,355500,10005011900
162,47,2,credit,30266,9999999572373
163,72,2,debit,2211030,10000027217931
163,72,1,credit,25970200,9680599200
163,27,1,debit,25970200,10045396900
163,27,2,credit,2211030,9999996188732
164,56,2,debit,2870941,10000054700528
164,56,1,credit,33722700,9356868100
164,27,1,debit,33722700,10011674200
164,27,2,credit,2870941,9999999059673
165,56,2,debit,370612,10000054329916
165,56,1,credit,4353300,9361221400
165,73,1,debit,4353300,9712413800
165,73,2,credit,370612,10000024552120
166,43,2,debit,259785,9999998914318
166,43,1,credit,3053400,10012799500
166,73,1,debit,3053400,9709360400
166,73,2,credit,259785,10000024811905
167,16,2,debit,84837,10000050393922
167,16,1,credit,996400,9409228500
167,40,1,debit,996400,9999003600
167,40,2,credit,84837,10000000084837
168,16,2,debit,3998087,10000046395835
168,16,1,credit,46920100,9456148600
168,11,1,debit,46920100,10001421500
168,11,2,credit,3998087,9999999907584
169,16,2,debit,1841254,10000044554581
169,16,1,credit,21599900,9477748500
169,67,1,debit,21599900,9882235600
169,67,2,credit,1841254,10000010046748
170,16,2,debit,23131,10000044531450
170,16,1,credit,271300,9478019800
170,81,1,debit,271300,9999728700
170,81,2,credit,23131,10000000023131
171,16,2,debit,337453,10000044193997
171,16,1,credit,3957600,9481977400
171,66,1,debit,3957600,9996042400
171,66,2,credit,337453,10000000337453
172,43,2,debit,397846,9999998516472
172,43,1,credit,4676100,10017475600
172,57,1,debit,4676100,9822453000
172,57,2,credit,397846,10000015065944
173,55,2,debit,27238058,9999972109617
173,55,1,credit,320291900,10327969300
173,57,1,debit,320291900,9502161100
173,57,2,credit,27238058,10000042304002
174,55,2,debit,24111725,9999947997892
174,55,1,credit,283529400,10611498700
174,91,1,debit,283529400,9704214600
174,91,2,credit,24111725,10000025155162
175,75,2,debit,6858318,9999987116508
175,75,1,credit,80653400,10151646200
175,91,1,debit,80653400,9623561200
175,91,2,credit,6858318,10000032013480
176,25,2,debit,41704,10000021947672
176,25,1,credit,490500,9741465400
176,91,1,debit,490500,9623070700
176,91,2,credit,41704,10000032055184
177,15,2,debit,804433,9999999474805
177,15,1,credit,9464300,10006171800
177,63,1,debit,9464300,9997426700
177,63,2,credit,804433,10000000218818
178,20,2,debit,25190,9999967490886
178,20,1,credit,296400,10388052200
178,63,1,debit,296400,9997130300
178,63,2,credit,25190,10000000244008
179,20,2,debit,59797,9999967431089
179,20,1,credit,703600,10388755800
179,17,1,debit,703600,9999296400
179,17,2,credit,59797,10000000059797
180,78,2,debit,61936,10000000077108
180,78,1,credit,728800,9999086300
180,17,1,debit,728800,9998567600
180,17,2,credit,61936,10000000121733
181,56,2,debit,242402,10000054087514
181,56,1,credit,2854900,9364076300
181,47,1,debit,2854900,10002157000
181,47,2,credit,242402,9999999814775
182,67,2,debit,1203865,10000008842883
182,67,1,credit,14179500,9896415100
182,47,1,debit,14179500,9987977500
182,47,2,credit,1203865,10000001018640
183,67,2,debit,33468,10000008809415
183,67,1,credit,394200,9896809300
183,66,1,debit,394200,9995648200
183,66,2,credit,33468,10000000370921
184,94,2,debit,908481,9999995259427
184,94,1,credit,10696900,10055925700
184,38,1,debit,10696900,10171463300
184,38,2,credit,908481,9999985425536
185,94,2,debit,125486,9999995133941
185,94,1,credit,1476600,10057402300
185,17,1,debit,1476600,9997091000
185,17,2,credit,125486,10000000247219
186,94,2,debit,4621463,9999990512478
186,94,1,credit,54369300,10111771600
186,91,1,debit,54369300,9568701400
186,91,2,credit,4621463,10000036676647
187,92,2,debit,82243,10000000018628
187,92,1,credit,968400,9999781300
187,92,1,debit,968400,9999781300
187,92,2,credit,82243,10000000018628
188,92,2,debit,1991169,9999998027459
188,92,1,credit,23445600,10023226900
188,28,1,debit,23445600,10123118500
188,28,2,credit,1991169,9999989575910
189,67,2,debit,3571124,10000005238291
189,67,1,credit,42061800,9938871100
189,44,1,debit,42061800,9957938200
189,44,2,credit,3571124,10000003571124
190,27,2,debit,1503208,9999997556465
190,27,1,credit,17704000,10029378200
190,28,1,debit,17704000,10105414500
190,28,2,credit,1503208,9999991079118
191,67,2,debit,678756,10000004559535
191,67,1,credit,7994600,9946865700
191,20,1,debit,7994600,10380761200
191,20,2,credit,678756,9999968109845
192,67,2,debit,163529,10000004396006
192,67,1,credit,1926100,9948791800
192,96,1,debit,1926100,10069161800
192,96,2,credit,163529,9999994155662
193,67,2,debit,1265079,10000003130927
193,67,1,credit,14900500,9963692300
193,13,1,debit,14900500,9277543400
193,13,2,credit,1265079,10000061638985
194,67,2,debit,4073861,9999999057066
194,67,1,credit,47983200,10011675500
194,51,1,debit,47983200,9933338000
194,51,2,credit,4073861,10000005657509
195,41,2,debit,9041,9999999472931
195,41,1,credit,106500,10006191000
195,51,1,debit,106500,9933231500
195,51,2,credit,9041,10000005666550
196,42,2,debit,648525,9999999486366
196,42,1,credit,7643900,10006076500
196,58,1,debit,7643900,9031975900
196,58,2,credit,648525,10000081586979
197,85,2,debit,9465764,9999991007618
197,85,1,credit,111542000,10105965700
197,51,1,debit,111542000,9821689500
197,51,2,credit,9465764,10000015132314
198,25,2,debit,496684,10000021450988
198,25,1,credit,5852800,9747318200
198,51,1,debit,5852800,9815836700
198,51,2,credit,496684,10000015628998
199,60,2,debit,119406,9999942191130
199,60,1,credit,1407200,10678876200
199,47,1,debit,1407200,9986570300
199,47,2,credit,119406,10000001138046
200,42,2,debit,155142,9999999331224
200,42,1,credit,1828600,10007905100
200,47,1,debit,1828600,9984741700
200,47,2,credit,155142,10000001293188
201,50,2,debit,8766,10000000010708
201,50,1,credit,103300,9999873600
201,51,1,debit,103300,9815733400
201,51,2,credit,8766,10000015637764
202,42,2,debit,1138532,9999998192692
202,42,1,credit,13419400,10021324500
202,86,1,debit,13419400,9248211700
202,86,2,credit,1138532,10000064120435
203,14,2,debit,14676754,9999985863069
203,14,1,credit,172946900,10166571000
203,51,1,debit,172946900,9642786500
203,51,2,credit,14676754,10000030314518
204,98,2,debit,2016017,9999988512439
204,98,1,credit,23756200,10135149100
204,51,1,debit,23756200,9619030300
204,51,2,credit,2016017,10000032330535
205,86,2,debit,80848,10000064039587
205,86,1,credit,952700,9249164400
205,51,1,debit,952700,9618077600
205,51,2,credit,80848,10000032411383
206,69,2,debit,30847,9999997518522
206,69,1,credit,363500,10029283300
206,51,1,debit,363500,9617714100
206,51,2,credit,30847,10000032442230
207,42,2,debit,1731851,9999996460841
207,42,1,credit,20412600,10041737100
207,29,1,debit,20412600,9981835600
207,29,2,credit,1731851,10000001540458
208,7,2,debit,2708259,9999997291741
208,7,1,credit,31913400,10031913400
208,51,1,debit,31913400,9585800700
208,51,2,credit,2708259,10000035150489
209,63,2,debit,4112323,9999996131685
209,63,1,credit,48458500,10045588800
209,51,1,debit,48458500,9537342200
209,51,2,credit,4112323,10000039262812
210,47,2,debit,1178311,10000000114877
210,47,1,credit,13884900,9998626600
210,51,1,debit,13884900,9523457300
210,51,2,credit,1178311,10000040441123
211,42,2,debit,12208,9999996448633
211,42,1,credit,143900,10041881000
211,6,1,debit,143900,10159212700
211,6,2,credit,12208,9999986544469
212,38,2,debit,7845453,9999977580083
212,38,1,credit,92448700,10263912000
212,51,1,debit,92448700,9431008600
212,51,2,credit,7845453,10000048286576
213,42,2,debit,2667118,9999993781515
213,42,1,credit,31436200,10073317200
213,2,1,debit,31436200,9968563800
213,2,2,credit,2667118,10000002667118
214,41,2,debit,3710632,9999995762299
214,41,1,credit,43737100,10049928100
214,2,1,debit,43737100,9924826700
214,2,2,credit,3710632,10000006377750
215,14,2,debit,58771,9999985804298
215,14,1,credit,692800,10167263800
215,2,1,debit,692800,9924133900
215,2,2,credit,58771,10000006436521
216,29,2,debit,894640,10000000645818
216,29,1,credit,10542200,9992377800
216,51,1,debit,10542200,9420466400
216,51,2,credit,894640,10000049181216
217,83,2,debit,20078,9999982065409
217,83,1,credit,236600,10211143900
217,51,1,debit,236600,9420229800
217,51,2,credit,20078,10000049201294
218,12,2,debit,1504379,9999988586563
218,12,1,credit,17727200,10134089700
218,51,1,debit,17727200,9402502600
218,51,2,credit,1504379,10000050705673
219,12,2,debit,3482972,9999985103591
219,12,1,credit,41042100,10175131800
219,10,1,debit,41042100,10758217400
219,10,2,credit,3482972,9999935820255
220,34,2,debit,42204381,9999947078392
220,34,1,credit,497321300,10624020900
220,10,1,debit,497321300,10260896100
220,10,2,credit,42204381,9999978024636
221,35,2,debit,9801,9999997440533
221,35,1,credit,115500,10030123800
221,10,1,debit,115500,10260780600
221,10,2,credit,9801,9999978034437
222,22,2,debit,13915,9999999986085
222,22,1,credit,164000,10000164000
222,64,1,debit,164000,9789808300
222,64,2,credit,13915,10000017851699
223,22,2,debit,2046911,9999997939174
223,22,1,credit,24123200,10024287200
223,9,1,debit,24123200,10040058800
223,9,2,credit,2046911,9999996596087
224,92,2,debit,1646502,9999996380957
224,92,1,credit,19401800,10042628700
224,10,1,debit,19401800,10241378800
224,10,2,credit,1646502,9999979680939
225,22,2,debit,22723,9999997916451
225,22,1,credit,267800,10024555000
225,92,1,debit,267800,10042360900
225,92,2,credit,22723,9999996403680
226,22,2,debit,23264726,9999974651725
226,22,1,credit,274178800,10298733800
226,42,1,debit,274178800,9799138400
226,42,2,credit,23264726,10000017046241
227,22,2,debit,14541298,9999960110427
227,22,1,credit,171371700,10470105500
227,25,1,debit,171371700,9575946500
227,25,2,credit,14541298,10000035992286
228,14,2,debit,17466118,9999968338180
228,14,1,credit,205891000,10373154800
228,25,1,debit,205891000,9370055500
228,25,2,credit,17466118,10000053458404
229,15,2,debit,31596087,9999967878718
229,15,1,credit,372460400,10378632200
229,25,1,debit,372460400,8997595100
229,25,2,credit,31596087,10000085054491
230,73,2,debit,170711,10000024641194
230,73,1,credit,2011600,9711372000
230,10,1,debit,2011600,10239367200
230,10,2,credit,170711,9999979851650
231,15,2,debit,14909433,9999952969285
231,15,1,credit,175755100,10554387300
231,93,1,debit,175755100,9824244900
231,93,2,credit,14909433,10000014909433
232,67,2,debit,381702,9999998675364
232,67,1,credit,4499900,10016175400
232,93,1,debit,4499900,9819745000
232,93,2,credit,381702,10000015291135
233,88,2,debit,15028,10000000004144
233,88,1,credit,177200,9999952000
233,93,1,debit,177200,9819567800
233,93,2,credit,15028,10000015306163
234,12,2,debit,8896,9999985094695
234,12,1,credit,104900,10175236700
234,93,1,debit,104900,9819462900
234,93,2,credit,8896,10000015315059
235,0,2,debit,202538,9999999553369
235,0,1,credit,2388400,10005251800
235,93,1,debit,2388400,9817074500
235,93,2,credit,202538,10000015517597
236,30,2,debit,113189,9999975592275
236,30,1,credit,1334800,10288810800
236,93,1,debit,1334800,9815739700
236,93,2,credit,113189,10000015630786
237,46,2,debit,34526516,9999965473484
237,46,1,credit,407164700,10407164700
237,93,1,debit,407164700,9408575000
237,93,2,credit,34526516,10000050157302
238,46,2,debit,232539,9999965240945
238,46,1,credit,2742300,10409907000
238,51,1,debit,2742300,9399760300
238,51,2,credit,232539,10000050938212
239,46,2,debit,1917532,9999963323413
239,46,1,credit,22613100,10432520100
239,57,1,debit,22613100,9479548000
239,57,2,credit,1917532,10000044221534
240,44,2,debit,22510,10000003548614
240,44,1,credit,265300,9958203500
240,42,1,debit,265300,9798873100
240,42,2,credit,22510,10000017068751
241,44,2,debit,701599,10000002847015
241,44,1,credit,8267400,9966470900
241,10,1,debit,8267400,10231099800
241,10,2,credit,701599,9999980553249
242,13,2,debit,10116677,10000051522308
242,13,1,credit,119211300,9396754700
242,10,1,debit,119211300,10111888500
242,10,2,credit,10116677,9999990669926
243,13,2,debit,34399690,10000017122618
243,13,1,credit,405221400,9801976100
243,31,1,debit,405221400,9620977800
243,31,2,credit,34399690,10000032187509
244,8,2,debit,246625,9999999753375
244,8,1,credit,2905200,10002905200
244,31,1,debit,2905200,9618072600
244,31,2,credit,246625,10000032434134
245,50,2,debit,533244,9999999477464
245,50,1,credit,6284900,10006158500
245,85,1,debit,6284900,10099680800
245,85,2,credit,533244,9999991540862
246,46,2,debit,561621,9999962761792
246,46,1,credit,6623100,10439143200
246,85,1,debit,6623100,10093057700
246,85,2,credit,561621,9999992102483
247,46,2,debit,208966,9999962552826
247,46,1,credit,2464300,10441607500
247,76,1,debit,2464300,9997837400
247,76,2,credit,208966,10000000183469
248,46,2,debit,399336,9999962153490
248,46,1,credit,4709300,10446316800
248,65,1,debit,4709300,9995290700
248,65,2,credit,399336,10000000399336
249,46,2,debit,3231638,9999958921852
249,46,1,credit,38110100,10484426900
249,23,1,debit,38110100,9967021100
249,23,2,credit,3231638,10000002795165
250,79,2,debit,736710,9999990239082
250,79,1,credit,8678300,10114988000
250,31,1,debit,8678300,9609394300
250,31,2,credit,736710,10000033170844
251,46,2,debit,389856,9999958531996
251,46,1,credit,4597500,10489024400
251,52,1,debit,4597500,10130157800
251,52,2,credit,389856,9999988891212
252,62,2,debit,9399151,9999991373734
252,62,1,credit,110720100,10101635600
252,31,1,debit,110720100,9498674200
252,31,2,credit,9399151,10000042569995
253,52,2,debit,27312,9999988863900
253,52,1,credit,321800,10130479600
253,68,1,debit,321800,9993880100
253,68,2,credit,27312,10000000524642
254,31,2,debit,5947713,10000036622282
254,31,1,credit,70077600,9568751800
254,68,1,debit,70077600,9923802500
254,68,2,credit,5947713,10000006472355
255,46,2,debit,100811,9999958431185
255,46,1,credit,1188100,10490212500
255,97,1,debit,1188100,10007782400
255,97,2,credit,100811,9999999336997
256,57,2,debit,2905907,10000041315627
256,57,1,credit,34238200,9513786200
256,68,1,debit,34238200,9889564300
256,68,2,credit,2905907,10000009378262
257,46,2,debit,9203266,9999949227919
257,46,1,credit,108463900,10598676400
257,11,1,debit,108463900,9892957600
257,11,2,credit,9203266,10000009110850
258,46,2,debit,13739403,9999935488516
258,46,1,credit,162026200,10760702600
258,11,1,debit,162026200,9730931400
258,11,2,credit,13739403,10000022850253
259,6,2,debit,378381,9999986166088
259,6,1,credit,4462400,10163675100
259,11,1,debit,4462400,9726469000
259,11,2,credit,378381,10000023228634
260,51,2,debit,47195,10000050891017
260,51,1,credit,556600,9400316900
260,11,1,debit,556600,9725912400
260,11,2,credit,47195,10000023275829
261,65,2,debit,29549,10000000369787
261,65,1,credit,348600,9995639300
261,11,1,debit,348600,9725563800
261,11,2,credit,29549,10000023305378
262,93,2,debit,3843098,10000046314204
262,93,1,credit,45349800,9453924800
262,11,1,debit,45349800,9680214000
262,11,2,credit,3843098,10000027148476
263,38,2,debit,63014,9999977517069
263,38,1,credit,743600,10264655600
263,8,1,debit,743600,10002161600
263,8,2,credit,63014,9999999816389
264,97,2,debit,18832799,9999980504198
264,97,1,credit,222233100,10230015500
264,11,1,debit,222233100,9457980900
264,11,2,credit,18832799,10000045981275
265,58,2,debit,1093588,10000080493391
265,58,1,credit,12904700,9044880600
265,11,1,debit,12904700,9445076200
265,11,2,credit,1093588,10000047074863
266,58,2,debit,61066447,10000019426944
266,58,1,credit,719501700,9764382300
266,68,1,debit,719501700,9170062600
266,68,2,credit,61066447,10000070444709
267,58,2,debit,24303,10000019402641
267,58,1,credit,286300,9764668600
267,95,1,debit,286300,10534284400
267,95,2,credit,24303,9999954507326
268,58,2,debit,2916196,10000016486445
268,58,1,credit,34352200,9799020800
268,31,1,debit,34352200,9534399600
268,31,2,credit,2916196,10000039538478
269,58,2,debit,1614601,10000014871844
269,58,1,credit,19017700,9818038500
269,29,1,debit,19017700,9973360100
269,29,2,credit,1614601,10000002260419
270,58,2,debit,4036042,10000010835802
270,58,1,credit,47536100,9865574600
270,51,1,debit,47536100,9352780800
270,51,2,credit,4036042,10000054927059
271,58,2,debit,364745,10000010471057
271,58,1,credit,4295700,9869870300
271,40,1,debit,4295700,9994707900
271,40,2,credit,364745,10000000449582
272,58,2,debit,7616753,10000002854304
272,58,1,credit,89689000,9959559300
272,88,1,debit,89689000,9910263000
272,88,2,credit,7616753,10000007620897
273,88,2,debit,26713089,10000007620897
273,88,1,credit,314552700,9910263000
273,88,1,debit,314552700,9910263000
273,88,2,credit,26713089,10000007620897
274,83,2,debit,85147,9999981980262
274,83,1,credit,1003600,10212147500
274,11,1,debit,1003600,9444072600
274,11,2,credit,85147,10000047160010
275,83,2,debit,6722214,9999975258048
275,83,1,credit,79155600,10291303100
275,88,1,debit,79155600,9831107400
275,88,2,credit,6722214,10000014343111
276,54,2,debit,5061881,9999994938119
276,54,1,credit,59604800,10059604800
276,88,1,debit,59604800,9771502600
276,88,2,credit,5061881,10000019404992
277,54,2,debit,15210,9999994922909
277,54,1,credit,179100,10059783900
277,17,1,debit,179100,9996911900
277,17,2,credit,15210,10000000262429
278,54,2,debit,46276,9999994876633
278,54,1,credit,544700,10060328600
278,17,1,debit,544700,9996367200
278,17,2,credit,46276,10000000308705
279,54,2,debit,190722,9999994685911
279,54,1,credit,2244000,10062572600
279,27,1,debit,2244000,10027134200
279,27,2,credit,190722,9999997747187
280,54,2,debit,230285,9999994455626
280,54,1,credit,2709200,10065281800
280,91,1,debit,2709200,9565992200
280,91,2,credit,230285,10000036906932
281,38,2,debit,288605,9999977228464
281,38,1,credit,3395300,10268050900
281,91,1,debit,3395300,9562596900
281,91,2,credit,288605,10000037195537
282,17,2,debit,2348026,9999997960679
282,17,1,credit,27623400,10023990600
282,91,1,debit,27623400,9534973500
282,91,2,credit,2348026,10000039543563
283,80,2,debit,29265930,9999952044744
283,80,1,credit,344299600,10562810600
283,91,1,debit,344299600,9190673900
283,91,2,credit,29265930,10000068809493
284,80,2,debit,179647,9999951865097
284,80,1,credit,2113300,10564923900
284,62,1,debit,2113300,10099522300
284,62,2,credit,179647,9999991553381
285,80,2,debit,118166,9999951746931
285,80,1,credit,1389900,10566313800
285,83,1,debit,1389900,10289913200
285,83,2,credit,118166,9999975376214
286,80,2,debit,5077970,9999946668961
286,80,1,credit,59720600,10626034400
286,15,1,debit,59720600,10494666700
286,15,2,credit,5077970,9999958047255
287,80,2,debit,3687286,9999942981675
287,80,1,credit,43364800,10669399200
287,79,1,debit,43364800,10071623200
287,79,2,credit,3687286,9999993926368
288,80,2,debit,1809272,9999941172403
288,80,1,credit,21272700,10690671900
288,62,1,debit,21272700,10078249600
288,62,2,credit,1809272,9999993362653
289,80,2,debit,510705,9999940661698
289,80,1,credit,6002700,10696674600
289,58,1,debit,6002700,9953556600
289,58,2,credit,510705,10000003365009
290,56,2,debit,792207,10000053295307
290,56,1,credit,9311400,9373387700
290,58,1,debit,9311400,9944245200
290,58,2,credit,792207,10000004157216
291,82,2,debit,123232,9999999860330
291,82,1,credit,1448300,10001641300
291,34,1,debit,1448300,10622572600
291,34,2,credit,123232,9999947201624
292,82,2,debit,11493958,9999988366372
292,82,1,credit,135074900,10136716200
292,42,1,debit,135074900,9663798200
292,42,2,credit,11493958,10000028562709
293,56,2,debit,3035071,10000050260236
293,56,1,credit,35672200,9409059900
293,30,1,debit,35672200,10253138600
293,30,2,credit,3035071,9999978627346
294,40,2,debit,300089,10000000149493
294,40,1,credit,3526600,9998234500
294,42,1,debit,3526600,9660271600
294,42,2,credit,300089,10000028862798
295,56,2,debit,651474,10000049608762
295,56,1,credit,7657000,9416716900
295,53,1,debit,7657000,10985952200
295,53,2,credit,651474,9999916177588
296,56,2,debit,859084,10000048749678
296,56,1,credit,10097100,9426814000
296,7,1,debit,10097100,10021816300
296,7,2,credit,859084,9999998150825
297,56,2,debit,18182,10000048731496
297,56,1,credit,213700,9427027700
297,89,1,debit,213700,10226366400
297,89,2,credit,18182,9999980678826
298,50,2,debit,148104,9999999329360
298,50,1,credit,1740500,10007899000
298,42,1,debit,1740500,9658531100
298,42,2,credit,148104,10000029010902
299,22,2,debit,9445,9999960100982
299,22,1,credit,111000,10470216500
299,42,1,debit,111000,9658420100
299,42,2,credit,9445,10000029020347
300,29,2,debit,12763,10000002247656
300,29,1,credit,150000,9973510100
300,42,1,debit,150000,9658270100
300,42,2,credit,12763,10000029033110
301,56,2,debit,16055,10000048715441
301,56,1,credit,188700,9427216400
301,5,1,debit,188700,10045200200
301,5,2,credit,16055,9999996185248
302,56,2,debit,9154,10000048706287
302,56,1,credit,107600,9427324000
302,36,1,debit,107600,10067503800
302,36,2,credit,9154,9999994300247
303,94,2,debit,610382,9999989902096
303,94,1,credit,7173100,10118944700
303,42,1,debit,7173100,9651097000
303,42,2,credit,610382,10000029643492
304,56,2,debit,2975820,10000045730467
304,56,1,credit,34975800,9462299800
304,29,1,debit,34975800,9938534300
304,29,2,credit,2975820,10000005223476
305,56,2,debit,344974,10000045385493
305,56,1,credit,4054600,9466354400
305,7,1,debit,4054600,10017761700
305,7,2,credit,344974,9999998495799
306,30,2,debit,24720,9999978602626
306,30,1,credit,291000,10253429600
306,40,1,debit,291000,9997943500
306,40,2,credit,24720,10000000174213
307,13,2,debit,134234,10000016988384
307,13,1,credit,1580700,9803556800
307,40,1,debit,1580700,9996362800
307,40,2,credit,134234,10000000308447
308,38,2,debit,33345,9999977195119
308,38,1,credit,392000,10268442900
308,7,1,debit,392000,10017369700
308,7,2,credit,33345,9999998529144
309,33,2,debit,547712,9999999452288
309,33,1,credit,6438800,10006438800
309,7,1,debit,6438800,10010930900
309,7,2,credit,547712,9999999076856
310,17,2,debit,2871764,9999995088915
310,17,1,credit,33759900,10057750500
310,7,1,debit,33759900,9977171000
310,7,2,credit,2871764,10000001948620
311,17,2,debit,63950864,9999931138051
311,17,1,credit,751538900,10809289400
311,42,1,debit,751538900,8899558100
311,42,2,credit,63950864,10000093594356
312,17,2,debit,3286564,9999931138051
312,17,1,credit,38621000,10809289400
312,17,1,debit,38621000,10809289400
312,17,2,credit,3286564,9999931138051
313,17,2,debit,39607,9999931098444
313,17,1,credit,465400,10809754800
313,44,1,debit,465400,9966005500
313,44,2,credit,39607,10000002886622
314,17,2,debit,1560923,9999929537521
314,17,1,credit,18341100,10828095900
314,55,1,debit,18341100,10593157600
314,55,2,credit,1560923,9999949558815
315,17,2,debit,384876,9999929152645
315,17,1,credit,4521100,10832617000
315,76,1,debit,4521100,9993316300
315,76,2,credit,384876,10000000568345
316,17,2,debit,40082,9999929112563
316,17,1,credit,470800,10833087800
316,68,1,debit,470800,9169591800
316,68,2,credit,40082,10000070484791
317,17,2,debit,41275,9999929071288
317,17,1,credit,484800,10833572600
317,70,1,debit,484800,9701770000
317,70,2,credit,41275,10000025359178
318,17,2,debit,294813,9999928776475
318,17,1,credit,3462300,10837034900
318,4,1,debit,3462300,9996537700
318,4,2,credit,294813,10000000294813
319,8,2,debit,27886,9999999788503
319,8,1,credit,327500,10002489100
319,4,1,debit,327500,9996210200
319,4,2,credit,27886,10000000322699
320,31,2,debit,61411,10000039477067
320,31,1,credit,722500,9535122100
320,22,1,debit,722500,10469494000
320,22,2,credit,61411,9999960162393
321,31,2,debit,14908,10000039462159
321,31,1,credit,175400,9535297500
321,70,1,debit,175400,9701594600
321,70,2,credit,14908,10000025374086
322,31,2,debit,522896,10000038939263
322,31,1,credit,6151800,9541449300
322,91,1,debit,6151800,9184522100
322,91,2,credit,522896,10000069332389
323,87,2,debit,181991,9999999818009
323,87,1,credit,2141700,10002141700
323,91,1,debit,2141700,9182380400
323,91,2,credit,181991,10000069514380
324,87,2,debit,160254,9999999657755
324,87,1,credit,1885900,10004027600
324,44,1,debit,1885900,9964119600
324,44,2,credit,160254,10000003046876
325,94,2,debit,8114430,9999981787666
325,94,1,credit,95296300,10214241000
325,4,1,debit,95296300,9900913900
325,4,2,credit,8114430,10000008437129
326,94,2,debit,1576871,9999980210795
326,94,1,credit,18518500,10232759500
326,26,1,debit,18518500,9981481500
326,26,2,credit,1576871,10000001576871
327,87,2,debit,1471547,9999998186208
327,87,1,credit,17317400,10021345000
327,73,1,debit,17317400,9694054600
327,73,2,credit,1471547,10000026112741
328,13,2,debit,983330,10000016005054
328,13,1,credit,11579400,9815136200
328,73,1,debit,11579400,9682475200
328,73,2,credit,983330,10000027096071
329,20,2,debit,1158145,9999966951700
329,20,1,credit,13638200,10394399400
329,73,1,debit,13638200,9668837000
329,73,2,credit,1158145,10000028254216
330,47,2,debit,1677259,9999998437618
330,47,1,credit,19753700,10018380300
330,73,1,debit,19753700,9649083300
330,73,2,credit,1677259,10000029931475
331,17,2,debit,1388089,9999927388386
331,17,1,credit,16352600,10853387500
331,73,1,debit,16352600,9632730700
331,73,2,credit,1388089,10000031319564
332,63,2,debit,12959191,9999983172494
332,63,1,credit,152719400,10198308200
332,73,1,debit,152719400,9480011300
332,73,2,credit,12959191,10000044278755
333,78,2,debit,764619,9999999312489
333,78,1,credit,9011200,10008097500
333,73,1,debit,9011200,9471000100
333,73,2,credit,764619,10000045043374
334,77,2,debit,42812,9999999967991
334,77,1,credit,503800,10000376900
334,63,1,debit,503800,10197804400
334,63,2,credit,42812,9999983215306
335,77,2,debit,137868,9999999830123
335,77,1,credit,1619100,10001996000
335,26,1,debit,1619100,9979862400
335,26,2,credit,137868,10000001714739
336,41,2,debit,6279311,9999989482988
336,41,1,credit,73748000,10123676100
336,16,1,debit,73748000,9408229400
336,16,2,credit,6279311,10000050473308
337,41,2,debit,559476,9999988923512
337,41,1,credit,6570400,10130246500
337,26,1,debit,6570400,9973292000
337,26,2,credit,559476,10000002274215
338,41,2,debit,67343,9999988856169
338,41,1,credit,790800,10131037300
338,4,1,debit,790800,9900123100
338,4,2,credit,67343,10000008504472
339,41,2,debit,32834142,9999956022027
339,41,1,credit,385439100,10516476400
339,49,1,debit,385439100,8815052500
339,49,2,credit,32834142,10000100911142
340,78,2,debit,165605,9999999146884
340,78,1,credit,1951700,10010049200
340,84,1,debit,1951700,10004530700
340,84,2,credit,165605,9999999519561
341,45,2,debit,3899126,9999995880901
341,45,1,credit,45933200,10048531700
341,93,1,debit,45933200,9407991600
341,93,2,credit,3899126,10000050213330
342,81,2,debit,7014297,9999993008834
342,81,1,credit,82631100,10082359800
342,93,1,debit,82631100,9325360500
342,93,2,credit,7014297,10000057227627
343,78,2,debit,11404,9999999135480
343,78,1,credit,134400,10010183600
343,1,1,debit,134400,10406265300
343,1,2,credit,11404,9999965412475
344,9,2,debit,47120,9999996548967
344,9,1,credit,555400,10040614200
344,1,1,debit,555400,10405709900
344,1,2,credit,47120,9999965459595
345,20,2,debit,1309261,9999965642439
345,20,1,credit,15423600,10409823000
345,93,1,debit,15423600,9309936900
345,93,2,credit,1309261,10000058536888
346,83,2,debit,37957,9999975338257
346,83,1,credit,447300,10290360500
346,11,1,debit,447300,9443625300
346,11,2,credit,37957,10000047197967
347,9,2,debit,685734,9999995863233
347,9,1,credit,8082700,10048696900
347,11,1,debit,8082700,9435542600
347,11,2,credit,685734,10000047883701
348,9,2,debit,36056,9999995827177
348,9,1,credit,425000,10049121900
348,77,1,debit,425000,10001571000
348,77,2,credit,36056,9999999866179
349,9,2,debit,34911,9999995792266
349,9,1,credit,411500,10049533400
349,70,1,debit,411500,9701183100
349,70,2,credit,34911,10000025408997
350,9,2,debit,1093118,9999994699148
350,9,1,credit,12884500,10062417900
350,23,1,debit,12884500,9954136600
350,23,2,credit,1093118,10000003888283
351,78,2,debit,818599,9999998316881
351,78,1,credit,9654700,10019838300
351,23,1,debit,9654700,9944481900
351,23,2,credit,818599,10000004706882
352,9,2,debit,206750,9999994492398
352,9,1,credit,2439200,10064857100
352,23,1,debit,2439200,9942042700
352,23,2,credit,206750,10000004913632
353,54,2,debit,2132855,9999992322771
353,54,1,credit,25168800,10090450600
353,23,1,debit,25168800,9916873900
353,23,2,credit,2132855,10000007046487
354,38,2,debit,13262,9999977181857
354,38,1,credit,156500,10268599400
354,23,1,debit,156500,9916717400
354,23,2,credit,13262,10000007059749
355,46,2,debit,60937,9999935427579
355,46,1,credit,719100,10761421700
355,23,1,debit,719100,9915998300
355,23,2,credit,60937,10000007120686
356,98,2,debit,7635178,9999980877261
356,98,1,credit,90104400,10225253500
356,23,1,debit,90104400,9825893900
356,23,2,credit,7635178,10000014755864
357,34,2,debit,4181181,9999943020443
357,34,1,credit,49351800,10671924400
357,23,1,debit,49351800,9776542100
357,23,2,credit,4181181,10000018937045
358,68,2,debit,23193,10000070461598
358,68,1,credit,273800,9169865600
358,23,1,debit,273800,9776268300
358,23,2,credit,23193,10000018960238
359,7,2,debit,955591,10000000993029
359,7,1,credit,11280900,9988451900
359,23,1,debit,11280900,9764987400
359,23,2,credit,955591,10000019915829
360,30,2,debit,12390828,9999966211798
360,30,1,credit,146280200,10399709800
360,23,1,debit,146280200,9618707200
360,23,2,credit,12390828,10000032306657
361,96,2,debit,18692,9999994136970
361,96,1,credit,220200,10069382000
361,93,1,debit,220200,9309716700
361,93,2,credit,18692,10000058555580
362,64,2,debit,25703,10000017825996
362,64,1,credit,302800,9790111100
362,93,1,debit,302800,9309413900
362,93,2,credit,25703,10000058581283
363,22,2,debit,27138,9999960135255
363,22,1,credit,319700,10469813700
363,93,1,debit,319700,9309094200
363,93,2,credit,27138,10000058608421
364,57,2,debit,68197,10000041247430
364,57,1,credit,803500,9514589700
364,18,1,debit,803500,9999196500
364,18,2,credit,68197,10000000068197
365,12,2,debit,1510433,9999983584262
365,12,1,credit,17812900,10193049600
365,18,1,debit,17812900,9981383600
365,18,2,credit,1510433,10000001578630
366,47,2,debit,190473,9999998247145
366,47,1,credit,2246300,10020626600
366,18,1,debit,2246300,9979137300
366,18,2,credit,190473,10000001769103
367,7,2,debit,348258,10000000644771
367,7,1,credit,4107100,9992559000
367,18,1,debit,4107100,9975030200
367,18,2,credit,348258,10000002117361
368,67,2,debit,42007,9999998633357
368,67,1,credit,495400,10016670800
368,18,1,debit,495400,9974534800
368,18,2,credit,42007,10000002159368
369,25,2,debit,12220119,10000072834372
369,25,1,credit,144114800,9141709900
369,18,1,debit,144114800,9830420000
369,18,2,credit,12220119,10000014379487
370,25,2,debit,185673,10000072648699
370,25,1,credit,2187300,9143897200
370,93,1,debit,2187300,9306906900
370,93,2,credit,185673,10000058794094
371,25,2,debit,20536,10000072628163
371,25,1,credit,241900,9144139100
371,52,1,debit,241900,10130237700
371,52,2,credit,20536,9999988884436
372,25,2,debit,702824,10000071925339
372,25,1,credit,8278600,9152417700
372,48,1,debit,8278600,9977660200
372,48,2,credit,702824,10000001899166
373,25,2,debit,202296,10000071723043
373,25,1,credit,2382300,9154800000
373,60,1,debit,2382300,10676493900
373,60,2,credit,202296,9999942393426
374,27,2,debit,54555,9999997692632
374,27,1,credit,642200,10027776400
374,87,1,debit,642200,10020702800
374,87,2,credit,54555,9999998240763
375,27,2,debit,3247920,9999994444712
375,27,1,credit,38219300,10065995700
375,66,1,debit,38219300,9957428900
375,66,2,credit,3247920,10000003618841
376,25,2,debit,26563893,10000045159150
376,25,1,credit,312823700,9467623700
376,34,1,debit,312823700,10359100700
376,34,2,credit,26563893,9999969584336
377,33,2,debit,38034,9999999414254
377,33,1,credit,448400,10006887200
377,34,1,debit,448400,10358652300
377,34,2,credit,38034,9999969622370
378,81,2,debit,764635,9999992244199
378,81,1,credit,9018800,10091378600
378,34,1,debit,9018800,10349633500
378,34,2,credit,764635,9999970387005
379,60,2,debit,34611509,9999907781917
379,60,1,credit,408421700,11084915600
379,34,1,debit,408421700,9941211800
379,34,2,credit,34611509,10000004998514
380,30,2,debit,688872,9999965522926
380,30,1,credit,8132500,10407842300
380,34,1,debit,8132500,9933079300
380,34,2,credit,688872,10000005687386
381,50,2,debit,9092,9999999320268
381,50,1,credit,107000,10008006000
381,66,1,debit,107000,9957321900
381,66,2,credit,9092,10000003627933
382,38,2,debit,33734235,9999943447622
382,38,1,credit,396961300,10665560700
382,66,1,debit,396961300,9560360600
382,66,2,credit,33734235,10000037362168
383,1,2,debit,141500,9999965318095
383,1,1,credit,1666600,10407376500
383,85,1,debit,1666600,10091391100
383,85,2,credit,141500,9999992243983
384,60,2,debit,766168,9999907015749
384,60,1,credit,9030300,11093945900
384,85,1,debit,9030300,10082360800
384,85,2,credit,766168,9999993010151
385,71,2,debit,24929115,9999935220616
385,71,1,credit,293348700,10760666600
385,66,1,debit,293348700,9267011900
385,66,2,credit,24929115,10000062291283
386,71,2,debit,15304,9999935205312
386,71,1,credit,180000,10760846600
386,47,1,debit,180000,10020446600
386,47,2,credit,15304,9999998262449
387,71,2,debit,1650687,9999933554625
387,71,1,credit,19413000,10780259600
387,44,1,debit,19413000,9944706600
387,44,2,credit,1650687,10000004697563
388,71,2,debit,3249359,9999930305266
388,71,1,credit,38213700,10818473300
388,99,1,debit,38213700,10191833800
388,99,2,credit,3249359,9999983649436
389,71,2,debit,1169948,9999929135318
389,71,1,credit,13757500,10832230800
389,24,1,debit,13757500,10095651700
389,24,2,credit,1169948,9999991858478
390,71,2,debit,43698,9999929091620
390,71,1,credit,513800,10832744600
390,48,1,debit,513800,9977146400
390,48,2,credit,43698,10000001942864
391,71,2,debit,198155,9999928893465
391,71,1,credit,2329300,10835073900
391,2,1,debit,2329300,9921804600
391,2,2,credit,198155,10000006634676
392,71,2,debit,4351179,9999924542286
392,71,1,credit,51142800,10886216700
392,44,1,debit,51142800,9893563800
392,44,2,credit,4351179,10000009048742
393,71,2,debit,16558167,9999907984119
393,71,1,credit,194430200,11080646900
393,67,1,debit,194430200,9822240600
393,67,2,credit,16558167,10000015191524
394,19,2,debit,382411,9999999617589
394,19,1,credit,4491900,10004491900
394,67,1,debit,4491900,9817748700
394,67,2,credit,382411,10000015573935
395,19,2,debit,42663898,9999956953691
395,19,1,credit,500970300,10505462200
395,67,1,debit,500970300,9316778400
395,67,2,credit,42663898,10000058237833
396,19,2,debit,27890472,9999929063219
396,19,1,credit,327405500,10832867700
396,49,1,debit,327405500,8487647000
396,49,2,credit,27890472,10000128801614
397,19,2,debit,4758271,9999924304948
397,19,1,credit,55855300,10888723000
397,14,1,debit,55855300,10317299500
397,14,2,credit,4758271,9999973096451
398,49,2,debit,105733,10000128695881
398,49,1,credit,1242000,8488889000
398,0,1,debit,1242000,10004009800
398,0,2,credit,105733,9999999659102
399,49,2,debit,158814,10000128537067
399,49,1,credit,1865500,8490754500
399,81,1,debit,1865500,10089513100
399,81,2,credit,158814,9999992403013
400,8,2,debit,132521,9999999655982
400,8,1,credit,1558900,10004048000
400,28,1,debit,1558900,10103855600
400,28,2,credit,132521,9999991211639
401,29,2,debit,744107,10000004479369
401,29,1,credit,8753200,9947287500
401,28,1,debit,8753200,10095102400
401,28,2,credit,744107,9999991955746
402,29,2,debit,190866,10000004288503
402,29,1,credit,2242000,9949529500
402,81,1,debit,2242000,10087271100
402,81,2,credit,190866,9999992593879
403,29,2,debit,5966680,9999998321823
403,29,1,credit,70040300,10019569800
403,14,1,debit,70040300,10247259200
403,14,2,credit,5966680,9999979063131
404,75,2,debit,12557219,9999974559289
404,75,1,credit,147403800,10299050000
404,14,1,debit,147403800,10099855400
404,14,2,credit,12557219,9999991620350
405,67,2,debit,10019,10000058227814
405,67,1,credit,117900,9316896300
405,53,1,debit,117900,10985834300
405,53,2,credit,10019,9999916187607
406,83,2,debit,271997,9999975066260
406,83,1,credit,3201200,10293561700
406,53,1,debit,3201200,10982633100
406,53,2,credit,271997,9999916459604
407,60,2,debit,9266,9999907006483
407,60,1,credit,108900,11094054800
407,37,1,debit,108900,9835944600
407,37,2,credit,9266,10000013913228
408,83,2,debit,33213,9999975033047
408,83,1,credit,390900,10293952600
408,37,1,debit,390900,9835553700
408,37,2,credit,33213,10000013946441
409,83,2,debit,2524696,9999972508351
409,83,1,credit,29713700,10323666300
409,85,1,debit,29713700,10052647100
409,85,2,credit,2524696,9999995534847
410,1,2,debit,430579,9999964887516
410,1,1,credit,5058000,10412434500
410,86,1,debit,5058000,9244106400
410,86,2,credit,430579,10000064470166
411,1,2,debit,465547,9999964421969
411,1,1,credit,5468200,10417902700
411,8,1,debit,5468200,9998579800
411,8,2,credit,465547,10000000121529
412,63,2,debit,78283,9999983137023
412,63,1,credit,919500,10198723900
412,8,1,debit,919500,9997660300
412,8,2,credit,78283,10000000199812
413,6,2,debit,1355503,9999984810585
413,6,1,credit,15921400,10179596500
413,8,1,debit,15921400,9981738900
413,8,2,credit,1355503,10000001555315
414,83,2,debit,1440929,9999971067422
414,83,1,credit,16924800,10340591100
414,8,1,debit,16924800,9964814100
414,8,2,credit,1440929,10000002996244
415,65,2,debit,207981,10000000161806
415,65,1,credit,2442900,9998082200
415,8,1,debit,2442900,9962371200
415,8,2,credit,207981,10000003204225
416,65,2,debit,3329557,9999996832249
416,65,1,credit,39089200,10037171400
416,98,1,debit,39089200,10186164300
416,98,2,credit,3329557,9999984206818
417,83,2,debit,2928758,9999968138664
417,83,1,credit,34469200,10375060300
417,98,1,debit,34469200,10151695100
417,98,2,credit,2928758,9999987135576
418,57,2,debit,8689,10000041238741
418,57,1,credit,102000,9514691700
418,14,1,debit,102000,10099753400
418,14,2,credit,8689,9999991629039
419,13,2,debit,9060660,10000006944394
419,13,1,credit,106359200,9921495400
419,14,1,debit,106359200,9993394200
419,14,2,credit,9060660,10000000689699
420,13,2,debit,948928,10000005995466
420,13,1,credit,11138400,9932633800
420,14,1,debit,11138400,9982255800
420,14,2,credit,948928,10000001638627
421,13,2,debit,5937002,10000000058464
421,13,1,credit,69681300,10002315100
421,57,1,debit,69681300,9445010400
421,57,2,credit,5937002,10000047175743
422,13,2,debit,488602,9999999569862
422,13,1,credit,5733500,10008048600
422,38,1,debit,5733500,10659827200
422,38,2,credit,488602,9999943936224
423,13,2,debit,75684,9999999494178
423,13,1,credit,888000,10008936600
423,46,1,debit,888000,10760533700
423,46,2,credit,75684,9999935503263
424,83,2,debit,401708,9999967736956
424,83,1,credit,4727800,10379788100
424,41,1,debit,4727800,10511748600
424,41,2,credit,401708,9999956423735
425,17,2,debit,380877,9999927007509
425,17,1,credit,4476900,10857864400
425,55,1,debit,4476900,10588680700
425,55,2,credit,380877,9999949939692
426,83,2,debit,5885004,9999961851952
426,83,1,credit,69261900,10449050000
426,71,1,debit,69261900,11011385000
426,71,2,credit,5885004,9999913869123
427,83,2,debit,13955098,9999947896854
427,83,1,credit,164240600,10613290600
427,68,1,debit,164240600,9005625000
427,68,2,credit,13955098,10000084416696
428,84,2,debit,7482340,9999992037221
428,84,1,credit,88075600,10092606300
428,68,1,debit,88075600,8917549400
428,68,2,credit,7482340,10000091899036
429,58,2,debit,156463,10000004000753
429,58,1,credit,1843000,9946088200
429,68,1,debit,1843000,8915706400
429,68,2,credit,156463,10000092055499
430,22,2,debit,300927,9999959834328
430,22,1,credit,3545000,10473358700
430,68,1,debit,3545000,8912161400
430,68,2,credit,300927,10000092356426
431,63,2,debit,2316177,9999980820846
431,63,1,credit,27290200,10226014100
431,68,1,debit,27290200,8884871200
431,68,2,credit,2316177,10000094672603
432,60,2,debit,2530748,9999904475735
432,60,1,credit,29828200,11123883000
432,68,1,debit,29828200,8855043000
432,68,2,credit,2530748,10000097203351
433,93,2,debit,718300,10000058075794
433,93,1,credit,8466800,9315373700
433,68,1,debit,8466800,8846576200
433,68,2,credit,718300,10000097921651
434,84,2,debit,20043,9999992017178
434,84,1,credit,236400,10092842700
434,68,1,debit,236400,8846339800
434,68,2,credit,20043,10000097941694
435,1,2,debit,4076800,9999960345169
435,1,1,credit,47975200,10465877900
435,22,1,debit,47975200,10425383500
435,22,2,credit,4076800,9999963911128
436,71,2,debit,1821317,9999912047806
436,71,1,credit,21433000,11032818000
436,22,1,debit,21433000,10403950500
436,22,2,credit,1821317,9999965732445
437,71,2,debit,6109951,9999905937855
437,71,1,credit,71817500,11104635500
437,55,1,debit,71817500,10516863200
437,55,2,credit,6109951,9999956049643
438,48,2,debit,439794,10000001503070
438,48,1,credit,5176400,9982322800
438,87,1,debit,5176400,10015526400
438,87,2,credit,439794,9999998680557
439,84,2,debit,229436,9999991787742
439,84,1,credit,2706100,10095548800
439,6,1,debit,2706100,10176890400
439,6,2,credit,229436,9999985040021
440,79,2,debit,163296,9999993763072
440,79,1,credit,1922000,10073545200
440,87,1,debit,1922000,10013604400
440,87,2,credit,163296,9999998843853
441,40,2,debit,90265,10000000218182
441,40,1,credit,1062600,9997425400
441,14,1,debit,1062600,9981193200
441,14,2,credit,90265,10000001728892
442,40,2,debit,752264,9999999465918
442,40,1,credit,8855600,10006281000
442,3,1,debit,8855600,10241726900
442,3,2,credit,752264,9999979473068
443,0,2,debit,60526,9999999598576
443,0,1,credit,712400,10004722200
443,87,1,debit,712400,10012892000
443,87,2,credit,60526,9999998904379
444,13,2,debit,1202927,9999998291251
444,13,1,credit,14158500,10023095100
444,87,1,debit,14158500,9998733500
444,87,2,credit,1202927,10000000107306
445,40,2,debit,8254980,9999991210938
445,40,1,credit,97177000,10103458000
445,94,1,debit,97177000,10135582500
445,94,2,credit,8254980,9999988465775
446,73,2,debit,541655,10000044501719
446,73,1,credit,6375300,9477375400
446,87,1,debit,6375300,9992358200
446,87,2,credit,541655,10000000648961
447,40,2,debit,3219957,9999987990981
447,40,1,credit,37905100,10141363100
447,70,1,debit,37905100,9663278000
447,70,2,credit,3219957,10000028628954
448,32,2,debit,54372836,9999945290979
448,32,1,credit,639970000,10643930100
448,87,1,debit,639970000,9352388200
448,87,2,credit,54372836,10000055021797
449,85,2,debit,21350,9999995513497
449,85,1,credit,251300,10052898400
449,87,1,debit,251300,9352136900
449,87,2,credit,21350,10000055043147
450,40,2,debit,3688428,9999984302553
450,40,1,credit,43419900,10184783000
450,24,1,debit,43419900,10052231800
450,24,2,credit,3688428,9999995546906
451,40,2,debit,753419,9999983549134
451,40,1,credit,8869200,10193652200
451,61,1,debit,8869200,9987903500
451,61,2,credit,753419,10000001027438
452,40,2,debit,10138028,9999973411106
452,40,1,credit,119344100,10312996300
452,74,1,debit,119344100,10236064500
452,74,2,credit,10138028,9999979780067
453,40,2,debit,29154,9999973381952
453,40,1,credit,343200,10313339500
453,75,1,debit,343200,10298706800
453,75,2,credit,29154,9999974588443
454,78,2,debit,315607,9999998001274
454,78,1,credit,3715300,10023553600
454,69,1,debit,3715300,10025568000
454,69,2,credit,315607,9999997834129
455,78,2,debit,5220963,9999992780311
455,78,1,credit,61450900,10085004500
455,87,1,debit,61450900,9290686000
455,87,2,credit,5220963,10000060264110
456,78,2,debit,255250,9999992525061
456,78,1,credit,3004300,10088008800
456,8,1,debit,3004300,9959366900
456,8,2,credit,255250,10000003459475
457,78,2,debit,3287316,9999989237745
457,78,1,credit,38691700,10126700500
457,13,1,debit,38691700,9984403400
457,13,2,credit,3287316,10000001578567
458,40,2,debit,15275939,9999958106013
458,40,1,credit,179827200,10493166700
458,13,1,debit,179827200,9804576200
458,13,2,credit,15275939,10000016854506
459,40,2,debit,3487373,9999954618640
459,40,1,credit,41053100,10534219800
459,22,1,debit,41053100,10362897400
459,22,2,credit,3487373,9999969219818
460,40,2,debit,271935,9999954346705
460,40,1,credit,3201200,10537421000
460,66,1,debit,3201200,9263810700
460,66,2,credit,271935,10000062563218
461,40,2,debit,752663,9999953594042
461,40,1,credit,8860300,10546281300
461,66,1,debit,8860300,9254950400
461,66,2,credit,752663,10000063315881
462,77,2,debit,285721,9999999580458
462,77,1,credit,3359900,10004930900
462,30,1,debit,3359900,10404482400
462,30,2,credit,285721,9999965808647
463,77,2,debit,76769,9999999503689
463,77,1,credit,902700,10005833600
463,11,1,debit,902700,9434639900
463,11,2,credit,76769,10000047960470
464,77,2,debit,502582,9999999001107
464,77,1,credit,5908000,10011741600
464,73,1,debit,5908000,9471467400
464,73,2,credit,502582,10000045004301
465,15,2,debit,387451,9999957659804
465,15,1,credit,4554600,10499221300
465,73,1,debit,4554600,9466912800
465,73,2,credit,387451,10000045391752
466,40,2,debit,1960274,9999951633768
466,40,1,credit,23076200,10569357500
466,14,1,debit,23076200,9958117000
466,14,2,credit,1960274,10000003689166
467,17,2,debit,39369,9999926968140
467,17,1,credit,462800,10858327200
467,73,1,debit,462800,9466450000
467,73,2,credit,39369,10000045431121
468,40,2,debit,2121208,9999949512560
468,40,1,credit,24970700,10594328200
468,66,1,debit,24970700,9229979700
468,66,2,credit,2121208,10000065437089
469,13,2,debit,268373,10000016586133
469,13,1,credit,3154800,9807731000
469,73,1,debit,3154800,9463295200
469,73,2,credit,268373,10000045699494
470,13,2,debit,617218,10000015968915
470,13,1,credit,7254900,9814985900
470,55,1,debit,7254900,10509608300
470,55,2,credit,617218,9999956666861
471,19,2,debit,43601,9999924261347
471,19,1,credit,512500,10889235500
471,55,1,debit,512500,10509095800
471,55,2,credit,43601,9999956710462
472,76,2,debit,8696408,9999991871937
472,76,1,credit,102219200,10095535500
472,55,1,debit,102219200,10406876600
472,55,2,credit,8696408,9999965406870
473,40,2,debit,12674,9999949499886
473,40,1,credit,149200,10594477400
473,83,1,debit,149200,10613141400
473,83,2,credit,12674,9999947909528
474,32,2,debit,9081,9999945281898
474,32,1,credit,106800,10644036900
474,29,1,debit,106800,10019463000
474,29,2,credit,9081,9999998330904
475,46,2,debit,87919,9999935415344
475,46,1,credit,1034000,10761567700
475,29,1,debit,1034000,10018429000
475,29,2,credit,87919,9999998418823
476,43,2,debit,8926,9999998507546
476,43,1,credit,105000,10017580600
476,44,1,debit,105000,9893458800
476,44,2,credit,8926,10000009057668
477,40,2,debit,3603208,9999945896678
477,40,1,credit,42416700,10636894100
477,81,1,debit,42416700,10044854400
477,81,2,credit,3603208,9999996197087
478,36,2,debit,11586,9999994288661
478,36,1,credit,136300,10067640100
478,44,1,debit,136300,9893322500
478,44,2,credit,11586,10000009069254
479,40,2,debit,9785,9999945886893
479,40,1,credit,115200,10637009300
479,45,1,debit,115200,10048416500
479,45,2,credit,9785,9999995890686
480,40,2,debit,68289,9999945818604
480,40,1,credit,803900,10637813200
480,74,1,debit,803900,10235260600
480,74,2,credit,68289,9999979848356
481,86,2,debit,219718,10000064250448
481,86,1,credit,2584600,9246691000
481,44,1,debit,2584600,9890737900
481,44,2,credit,219718,10000009288972
482,40,2,debit,83597,9999945735007
482,40,1,credit,984100,10638797300
482,89,1,debit,984100,10225382300
482,89,2,credit,83597,9999980762423
483,69,2,debit,155288,9999997678841
483,69,1,credit,1826700,10027394700
483,44,1,debit,1826700,9888911200
483,44,2,credit,155288,10000009444260
484,26,2,debit,781064,10000001493151
484,26,1,credit,9188000,9982480000
484,73,1,debit,9188000,9454107200
484,73,2,credit,781064,10000046480558
485,26,2,debit,27696,10000001465455
485,26,1,credit,325800,9982805800
485,65,1,debit,325800,10036845600
485,65,2,credit,27696,9999996859945
486,26,2,debit,47647,10000001417808
486,26,1,credit,560500,9983366300
486,12,1,debit,560500,10192489100
486,12,2,credit,47647,9999983631909
487,26,2,debit,1677869,10000001417808
487,26,1,credit,19737500,9983366300
487,26,1,debit,19737500,9983366300
487,26,2,credit,1677869,10000001417808
488,1,2,debit,4223661,9999956121508
488,1,1,credit,49706400,10515584300
488,26,1,debit,49706400,9933659900
488,26,2,credit,4223661,10000005641469
489,25,2,debit,169656,10000044989494
489,25,1,credit,1996900,9469620600
489,26,1,debit,1996900,9931663000
489,26,2,credit,169656,10000005811125
490,40,2,debit,39764,9999945695243
490,40,1,credit,468100,10639265400
490,36,1,debit,468100,10067172000
490,36,2,credit,39764,9999994328425
491,40,2,debit,2548258,9999943146985
491,40,1,credit,29997900,10669263300
491,43,1,debit,29997900,9987582700
491,43,2,credit,2548258,10000001055804
492,66,2,debit,268670,10000065168419
492,66,1,credit,3163100,9233142800
492,43,1,debit,3163100,9984419600
492,43,2,credit,268670,10000001324474
493,9,2,debit,29107,9999994463291
493,9,1,credit,342800,10065199900
493,43,1,debit,342800,9984076800
493,43,2,credit,29107,10000001353581
494,9,2,debit,128179,9999994335112
494,9,1,credit,1508700,10066708600
494,26,1,debit,1508700,9930154300
494,26,2,credit,128179,10000005939304
495,39,2,debit,10502,10000000403235
495,39,1,credit,123700,9995259000
495,46,1,debit,123700,10761444000
495,46,2,credit,10502,9999935425846
496,10,2,debit,15292,9999990654634
496,10,1,credit,180000,10112068500
496,26,1,debit,180000,9929974300
496,26,2,credit,15292,10000005954596
497,70,2,debit,10832,10000028618122
497,70,1,credit,127500,9663405500
497,26,1,debit,127500,9929846800
497,26,2,credit,10832,10000005965428
498,97,2,debit,18470,9999980485728
498,97,1,credit,217400,10230232900
498,26,1,debit,217400,9929629400
498,26,2,credit,18470,10000005983898
499,56,2,debit,11053,10000045374440
499,56,1,credit,130100,9466484500
499,26,1,debit,130100,9929499300
499,26,2,credit,11053,10000005994951
500,39,2,debit,19366,10000000403235
500,39,1,credit,228100,9995259000
500,39,1,debit,228100,9995259000
500,39,2,credit,19366,10000000403235
501,37,2,debit,48248,10000013898193
501,37,1,credit,567900,9836121600
501,26,1,debit,567900,9928931400
501,26,2,credit,48248,10000006043199
502,39,2,debit,84820,10000000318415
502,39,1,credit,999000,9996258000
502,55,1,debit,999000,10405877600
502,55,2,credit,84820,9999965491690
503,39,2,debit,86840,10000000231575
503,39,1,credit,1022800,9997280800
503,66,1,debit,1022800,9232120000
503,66,2,credit,86840,10000065255259
504,57,2,debit,30011,10000047145732
504,57,1,credit,353500,9445363900
504,66,1,debit,353500,9231766500
504,66,2,credit,30011,10000065285270
505,57,2,debit,177785,10000046967947
505,57,1,credit,2094100,9447458000
505,63,1,debit,2094100,10223920000
505,63,2,credit,177785,9999980998631
506,18,2,debit,98910,10000014280577
506,18,1,credit,1164200,9831584200
506,26,1,debit,1164200,9927767200
506,26,2,credit,98910,10000006142109
507,1,2,debit,15807886,9999940313622
507,1,1,credit,186062700,10701647000
507,26,1,debit,186062700,9741704500
507,26,2,credit,15807886,10000021949995
508,1,2,debit,3290892,9999937022730
508,1,1,credit,38711600,10740358600
508,44,1,debit,38711600,9850199600
508,44,2,credit,3290892,10000012735152
509,1,2,debit,12143158,9999924879572
509,1,1,credit,142812700,10883171300
509,29,1,debit,142812700,9875616300
509,29,2,credit,12143158,10000010561981
510,1,2,debit,36036970,9999888842602
510,1,1,credit,423809300,11306980600
510,44,1,debit,423809300,9426390300
510,44,2,credit,36036970,10000048772122
511,12,2,debit,662035,9999982969874
511,12,1,credit,7785800,10200274900
511,44,1,debit,7785800,9418604500
511,44,2,credit,662035,10000049434157
512,6,2,debit,463683,9999984576338
512,6,1,credit,5453100,10182343500
512,44,1,debit,5453100,9413151400
512,44,2,credit,463683,10000049897840
513,57,2,debit,35019921,10000011948026
513,57,1,credit,412492900,9859950900
513,87,1,debit,412492900,8878193100
513,87,2,credit,35019921,10000095284031
514,72,2,debit,231173,10000026986758
514,72,1,credit,2723800,9683323000
514,87,1,debit,2723800,8875469300
514,87,2,credit,231173,10000095515204
515,23,2,debit,481311,10000031825346
515,23,1,credit,5671100,9624378300
515,87,1,debit,5671100,8869798200
515,87,2,credit,481311,10000095996515
516,41,2,debit,9169173,9999947254562
516,41,1,credit,108038500,10619787100
516,87,1,debit,108038500,8761759700
516,87,2,credit,9169173,10000105165688
517,80,2,debit,5428628,9999935233070
517,80,1,credit,63872300,10760546900
517,88,1,debit,63872300,9707630300
517,88,2,credit,5428628,10000024833620
518,41,2,debit,1568770,9999945685792
518,41,1,credit,18484500,10638271600
518,71,1,debit,18484500,11086151000
518,71,2,credit,1568770,9999907506625
519,70,2,debit,107271,10000028510851
519,70,1,credit,1262700,9664668200
519,41,1,debit,1262700,10637008900
519,41,2,credit,107271,9999945793063
520,70,2,debit,22123,10000028488728
520,70,1,credit,260300,9664928500
520,88,1,debit,260300,9707370000
520,88,2,credit,22123,10000024855743
521,41,2,debit,48774,9999945744289
521,41,1,credit,574700,10637583600
521,68,1,debit,574700,8845765100
521,68,2,credit,48774,10000097990468
522,24,2,debit,304628,9999995242278
522,24,1,credit,3584200,10055816000
522,88,1,debit,3584200,9703785800
522,88,2,credit,304628,10000025160371
523,41,2,debit,433564,9999945310725
523,41,1,credit,5108600,10642692200
523,73,1,debit,5108600,9448998600
523,73,2,credit,433564,10000046914122
524,41,2,debit,3621423,9999941689302
524,41,1,credit,42670500,10685362700
524,51,1,debit,42670500,9310110300
524,51,2,credit,3621423,10000058548482
525,41,2,debit,9671397,9999932017905
525,41,1,credit,113956100,10799318800
525,47,1,debit,113956100,9906490500
525,47,2,credit,9671397,10000007933846
526,41,2,debit,60876,9999931957029
526,41,1,credit,717300,10800036100
526,92,1,debit,717300,10041643600
526,92,2,credit,60876,9999996464556
527,41,2,debit,233764,9999931723265
527,41,1,credit,2754400,10802790500
527,95,1,debit,2754400,10531530000
527,95,2,credit,233764,9999954741090
528,74,2,debit,19811,9999979828545
528,74,1,credit,233100,10235493700
528,88,1,debit,233100,9703552700
528,88,2,credit,19811,10000025180182
529,27,2,debit,4518365,9999989926347
529,27,1,credit,53162300,10119158000
529,88,1,debit,53162300,9650390400
529,88,2,credit,4518365,10000029698547
530,27,2,debit,2146069,9999987780278
530,27,1,credit,25238800,10144396800
530,71,1,debit,25238800,11060912200
530,71,2,credit,2146069,9999909652694
531,41,2,debit,11975,9999931711290
531,41,1,credit,141100,10802931600
531,76,1,debit,141100,10095394400
531,76,2,credit,11975,9999991883912
532,48,2,debit,184983,10000001318087
532,48,1,credit,2175500,9984498300
532,71,1,debit,2175500,11058736700
532,71,2,credit,184983,9999909837677
533,41,2,debit,27854594,9999903856696
533,41,1,credit,328205000,11131136600
533,55,1,debit,328205000,10077672600
533,55,2,credit,27854594,9999993346284
534,96,2,debit,16785704,9999977351266
534,96,1,credit,197793300,10267175300
534,55,1,debit,197793300,9879879300
534,55,2,credit,16785704,10000010131988
535,41,2,debit,34862,9999903821834
535,41,1,credit,410000,11131546600
535,71,1,debit,410000,11058326700
535,71,2,credit,34862,9999909872539
536,97,2,debit,713287,9999979772441
536,97,1,credit,8388600,10238621500
536,71,1,debit,8388600,11049938100
536,71,2,credit,713287,9999910585826
537,19,2,debit,23936,9999924237411
537,19,1,credit,281500,10889517000
537,71,1,debit,281500,11049656600
537,71,2,credit,23936,9999910609762
538,42,2,debit,5100541,10000088493815
538,42,1,credit,59984800,8959542900
538,71,1,debit,59984800,10989671800
538,71,2,credit,5100541,9999915710303
539,42,2,debit,2655283,10000085838532
539,42,1,credit,31227200,8990770100
539,44,1,debit,31227200,9381924200
539,44,2,credit,2655283,10000052553123
540,96,2,debit,26958347,9999977351266
540,96,1,credit,317662000,10267175300
540,96,1,debit,317662000,10267175300
540,96,2,credit,26958347,9999977351266
541,37,2,debit,132046,10000013766147
541,37,1,credit,1556800,9837678400
541,96,1,debit,1556800,10265618500
541,96,2,credit,132046,9999977483312
542,61,2,debit,63961,10000000963477
542,61,1,credit,754100,9988657600
542,96,1,debit,754100,10264864400
542,96,2,credit,63961,9999977547273
543,33,2,debit,21217028,9999978197226
543,33,1,credit,250235600,10257122800
543,96,1,debit,250235600,10014628800
543,96,2,credit,21217028,9999998764301
544,84,2,debit,7548700,9999984239042
544,84,1,credit,89033700,10184582500
544,96,1,debit,89033700,9925595100
544,96,2,credit,7548700,10000006313001
545,93,2,debit,18453776,10000039622018
545,93,1,credit,217683700,9533057400
545,96,1,debit,217683700,9707911400
545,96,2,credit,18453776,10000024766777
546,77,2,debit,339440,9999998661667
546,77,1,credit,4004800,10015746400
546,96,1,debit,4004800,9703906600
546,96,2,credit,339440,10000025106217
547,77,2,debit,113304,9999998548363
547,77,1,credit,1336800,10017083200
547,96,1,debit,1336800,9702569800
547,96,2,credit,113304,10000025219521
548,88,2,debit,4177283,10000025521264
548,88,1,credit,49287500,9699677900
548,96,1,debit,49287500,9653282300
548,96,2,credit,4177283,10000029396804
549,34,2,debit,615769,10000005071617
549,34,1,credit,7241700,9940321000
549,44,1,debit,7241700,9374682500
549,44,2,credit,615769,10000053168892
550,67,2,debit,53917,10000058173897
550,67,1,credit,635000,9317531300
550,8,1,debit,635000,9958731900
550,8,2,credit,53917,10000003513392
551,88,2,debit,37932943,9999987588321
551,88,1,credit,447568400,10147246300
551,8,1,debit,447568400,9511163500
551,8,2,credit,37932943,10000041446335
552,49,2,debit,1055108,10000127481959
552,49,1,credit,12408500,8503163000
552,44,1,debit,12408500,9362274000
552,44,2,credit,1055108,10000054224000
553,49,2,debit,4810871,10000122671088
553,49,1,credit,56576600,8559739600
553,15,1,debit,56576600,10442644700
553,15,2,credit,4810871,9999962470675
554,58,2,debit,141027,10000003859726
554,58,1,credit,1658500,9947746700
554,15,1,debit,1658500,10440986200
554,15,2,credit,141027,9999962611702
555,95,2,debit,10067,9999954731023
555,95,1,credit,118400,10531648400
555,15,1,debit,118400,10440867800
555,15,2,credit,10067,9999962621769
556,66,2,debit,397120,10000064888150
556,66,1,credit,4670200,9236436700
556,15,1,debit,4670200,10436197600
556,15,2,credit,397120,9999963018889
557,72,2,debit,158331,10000026828427
557,72,1,credit,1862000,9685185000
557,15,1,debit,1862000,10434335600
557,15,2,credit,158331,9999963177220
558,92,2,debit,32482,9999996432074
558,92,1,credit,382000,10042025600
558,15,1,debit,382000,10433953600
558,15,2,credit,32482,9999963209702
559,77,2,debit,2065525,9999996482838
559,77,1,credit,24290900,10041374100
559,15,1,debit,24290900,10409662700
559,15,2,credit,2065525,9999965275227
560,62,2,debit,47244,9999993315409
560,62,1,credit,556800,10078806400
560,77,1,debit,556800,10040817300
560,77,2,credit,47244,9999996530082
561,95,2,debit,6400560,9999948330463
561,95,1,credit,75441500,10607089900
561,77,1,debit,75441500,9965375800
561,77,2,credit,6400560,10000002930642
562,95,2,debit,2713541,9999945616922
562,95,1,credit,31983700,10639073600
562,24,1,debit,31983700,10023832300
562,24,2,credit,2713541,9999997955819
563,88,2,debit,7829866,9999979758455
563,88,1,credit,92384100,10239630400
563,24,1,debit,92384100,9931448200
563,24,2,credit,7829866,10000005785685
564,37,2,debit,4890545,10000008875602
564,37,1,credit,57519100,9895197500
564,68,1,debit,57519100,8788246000
564,68,2,credit,4890545,10000102881013
565,89,2,debit,317550,9999980444873
565,89,1,credit,3734800,10229117100
565,68,1,debit,3734800,8784511200
565,68,2,credit,317550,10000103198563
566,72,2,debit,37844,10000026790583
566,72,1,credit,445100,9685630100
566,68,1,debit,445100,8784066100
566,68,2,credit,37844,10000103236407
567,91,2,debit,24290,10000069490090
567,91,1,credit,286200,9182666600
567,6,1,debit,286200,10182057300
567,6,2,credit,24290,9999984600628
568,16,2,debit,8763,10000050464545
568,16,1,credit,103300,9408332700
568,6,1,debit,103300,10181954000
568,6,2,credit,8763,9999984609391
569,88,2,debit,14387169,9999965371286
569,88,1,credit,169753300,10409383700
569,1,1,debit,169753300,11137227300
569,1,2,credit,14387169,9999903229771
570,63,2,debit,62526,9999980936105
570,63,1,credit,737000,10224657000
570,6,1,debit,737000,10181217000
570,6,2,credit,62526,9999984671917
571,88,2,debit,9000,9999965362286
571,88,1,credit,106200,10409489900
571,58,1,debit,106200,9947640500
571,58,2,credit,9000,10000003868726
572,35,2,debit,13311,9999997427222
572,35,1,credit,156900,10030280700
572,6,1,debit,156900,10181060100
572,6,2,credit,13311,9999984685228
573,4,2,debit,19083422,9999989421050
573,4,1,credit,224935400,10125058500
573,6,1,debit,224935400,9956124700
573,6,2,credit,19083422,10000003768650
574,88,2,debit,247556,9999965114730
574,88,1,credit,2920900,10412410800
574,13,1,debit,2920900,9812065000
574,13,2,credit,247556,10000016216471
575,19,2,debit,34908,9999924202503
575,19,1,credit,411900,10889928900
575,13,1,debit,411900,9811653100
575,13,2,credit,34908,10000016251379
576,85,2,debit,271951,9999995241546
576,85,1,credit,3209400,10056107800
576,13,1,debit,3209400,9808443700
576,13,2,credit,271951,10000016523330
577,50,2,debit,2046989,9999997273279
577,50,1,credit,24157500,10032163500
577,13,1,debit,24157500,9784286200
577,13,2,credit,2046989,10000018570319
578,69,2,debit,23894064,9999973784777
578,69,1,credit,282065900,10309460600
578,13,1,debit,282065900,9502220300
578,13,2,credit,23894064,10000042464383
579,30,2,debit,1078867,9999964729780
579,30,1,credit,12736600,10417219000
579,13,1,debit,12736600,9489483700
579,13,2,credit,1078867,10000043543250
580,46,2,debit,1054773,9999934371073
580,46,1,credit,12452900,10773896900
580,13,1,debit,12452900,9477030800
580,13,2,credit,1054773,10000044598023
581,18,2,debit,21834,10000014258743
581,18,1,credit,257800,9831842000
581,13,1,debit,257800,9476773000
581,13,2,credit,21834,10000044619857
582,47,2,debit,5935557,10000001998289
582,47,1,credit,70081600,9976572100
582,13,1,debit,70081600,9406691400
582,13,2,credit,5935557,10000050555414
583,60,2,debit,43084,9999904432651
583,60,1,credit,508700,11124391700
583,13,1,debit,508700,9406182700
583,13,2,credit,43084,10000050598498
584,62,2,debit,778266,9999992537143
584,62,1,credit,9189400,10087995800
584,13,1,debit,9189400,9396993300
584,13,2,credit,778266,10000051376764
585,89,2,debit,9187649,9999971257224
585,89,1,credit,108483700,10337600800
585,13,1,debit,108483700,9288509600
585,13,2,credit,9187649,10000060564413
586,92,2,debit,2779291,9999993652783
586,92,1,credit,32817200,10074842800
586,13,1,debit,32817200,9255692400
586,13,2,credit,2779291,10000063343704
587,93,2,debit,11612040,10000028009978
587,93,1,credit,137113400,9670170800
587,13,1,debit,137113400,9118579000
587,13,2,credit,11612040,10000074955744
588,15,2,debit,1054939,9999964220288
588,15,1,credit,12457100,10422119800
588,13,1,debit,12457100,9106121900
588,13,2,credit,1054939,10000076010683
589,40,2,debit,306065,9999942840920
589,40,1,credit,3614200,10672877500
589,13,1,debit,3614200,9102507700
589,13,2,credit,306065,10000076316748
590,30,2,debit,221586,9999964508194
590,30,1,credit,2616800,10419835800
590,13,1,debit,2616800,9099890900
590,13,2,credit,221586,10000076538334
591,4,2,debit,3209479,9999986211571
591,4,1,credit,37902300,10162960800
591,13,1,debit,37902300,9061988600
591,13,2,credit,3209479,10000079747813
592,5,2,debit,43884,9999996141364
592,5,1,credit,518300,10045718500
592,13,1,debit,518300,9061470300
592,13,2,credit,43884,10000079791697
593,31,2,debit,17788,10000038921475
593,31,1,credit,210100,9541659400
593,13,1,debit,210100,9061260200
593,13,2,credit,17788,10000079809485
594,5,2,debit,10382504,9999985758860
594,5,1,credit,122625500,10168344000
594,13,1,debit,122625500,8938634700
594,13,2,credit,10382504,10000090191989
595,45,2,debit,3986372,9999991904314
595,45,1,credit,47082500,10095499000
595,13,1,debit,47082500,8891552200
595,13,2,credit,3986372,10000094178361
596,12,2,debit,587753,9999982382121
596,12,1,credit,6941900,10207216800
596,13,1,debit,6941900,8884610300
596,13,2,credit,587753,10000094766114
597,72,2,debit,1147709,10000025642874
597,72,1,credit,13556400,9699186500
597,13,1,debit,13556400,8871053900
597,13,2,credit,1147709,10000095913823
598,84,2,debit,234072,9999984004970
598,84,1,credit,2759000,10187341500
598,6,1,debit,2759000,9953365700
598,6,2,credit,234072,10000004002722
599,78,2,debit,2783000,9999986454745
599,78,1,credit,32803100,10159503600
599,6,1,debit,32803100,9920562600
599,6,2,credit,2783000,10000006785722
600,15,2,debit,13390121,9999950830167
600,15,1,credit,157854700,10579974500
600,63,1,debit,157854700,10066802300
600,63,2,credit,13390121,9999994326226
601,72,2,debit,599515,10000025043359
601,72,1,credit,7077500,9706264000
601,68,1,debit,7077500,8776988600
601,68,2,credit,599515,10000103835922
602,95,2,debit,1079210,9999944537712
602,95,1,credit,12722700,10651796300
602,63,1,debit,12722700,10054079600
602,63,2,credit,1079210,9999995405436
603,95,2,debit,5657433,9999938880279
603,95,1,credit,66683900,10718480200
603,6,1,debit,66683900,9853878700
603,6,2,credit,5657433,10000012443155
604,45,2,debit,11309,9999991893005
604,45,1,credit,133300,10095632300
604,6,1,debit,133300,9853745400
604,6,2,credit,11309,10000012454464
605,80,2,debit,1631269,9999933601801
605,80,1,credit,19227700,10779774600
605,6,1,debit,19227700,9834517700
605,6,2,credit,1631269,10000014085733
606,76,2,debit,5619051,9999986264861
606,76,1,credit,66231500,10161625900
606,6,1,debit,66231500,9768286200
606,6,2,credit,5619051,10000019704784
607,72,2,debit,383173,10000024660186
607,72,1,credit,4523500,9710787500
607,4,1,debit,4523500,10158437300
607,4,2,credit,383173,9999986594744
608,72,2,debit,62014,10000024598172
608,72,1,credit,732100,9711519600
608,30,1,debit,732100,10419103700
608,30,2,credit,62014,9999964570208
609,72,2,debit,16989284,10000007608888
609,72,1,credit,200564700,9912084300
609,11,1,debit,200564700,9234075200
609,11,2,credit,16989284,10000064949754
610,72,2,debit,18298382,9999989310506
610,72,1,credit,216135000,10128219300
610,11,1,debit,216135000,9017940200
610,11,2,credit,18298382,10000083248136
611,86,2,debit,301265,10000063949183
611,86,1,credit,3551000,9250242000
611,6,1,debit,3551000,9764735200
611,6,2,credit,301265,10000020006049
612,14,2,debit,148774,10000003540392
612,14,1,credit,1753600,9959870600
612,6,1,debit,1753600,9762981600
612,6,2,credit,148774,10000020154823
613,39,2,debit,1733153,9999998498422
613,39,1,credit,20428600,10017709400
613,6,1,debit,20428600,9742553000
613,6,2,credit,1733153,10000021887976
614,85,2,debit,104522,9999995137024
614,85,1,credit,1232000,10057339800
614,6,1,debit,1232000,9741321000
614,6,2,credit,104522,10000021992498
615,79,2,debit,159422,9999993603650
615,79,1,credit,1879100,10075424300
615,6,1,debit,1879100,9739441900
615,6,2,credit,159422,10000022151920
616,73,2,debit,41087,10000046873035
616,73,1,credit,484300,9449482900
616,6,1,debit,484300,9738957600
616,6,2,credit,41087,10000022193007
