user_id,asset_id,avail,frozen,version
1,1,10000000000,0,0
1,2,10000000000000,0,0
2,1,10000000000,0,0
2,2,10000000000000,0,0
3,1,10000000000,0,0
3,2,10000000000000,0,0
4,1,10000000000,0,0
4,2,10000000000000,0,0
5,1,10000000000,0,0
5,2,10000000000000,0,0
6,1,10000000000,0,0
6,2,10000000000000,0,0
7,1,10000000000,0,0
7,2,10000000000000,0,0
8,1,10000000000,0,0
8,2,10000000000000,0,0
9,1,10000000000,0,0
9,2,10000000000000,0,0
10,1,10000000000,0,0
10,2,10000000000000,0,0
11,1,10000000000,0,0
11,2,10000000000000,0,0
12,1,10000000000,0,0
12,2,10000000000000,0,0
13,1,10000000000,0,0
13,2,10000000000000,0,0
14,1,10000000000,0,0
14,2,10000000000000,0,0
15,1,10000000000,0,0
15,2,10000000000000,0,0
16,1,10000000000,0,0
16,2,10000000000000,0,0
17,1,10000000000,0,0
17,2,10000000000000,0,0
18,1,10000000000,0,0
18,2,10000000000000,0,0
19,1,10000000000,0,0
19,2,10000000000000,0,0
20,1,10000000000,0,0
20,2,10000000000000,0,0
21,1,10000000000,0,0
21,2,10000000000000,0,0
22,1,10000000000,0,0
22,2,10000000000000,0,0
23,1,10000000000,0,0
23,2,10000000000000,0,0
24,1,10000000000,0,0
24,2,10000000000000,0,0
25,1,10000000000,0,0
25,2,10000000000000,0,0
26,1,10000000000,0,0
26,2,10000000000000,0,0
27,1,10000000000,0,0
27,2,10000000000000,0,0
28,1,10000000000,0,0
28,2,10000000000000,0,0
29,1,10000000000,0,0
29,2,10000000000000,0,0
30,1,10000000000,0,0
30,2,10000000000000,0,0
31,1,10000000000,0,0
31,2,10000000000000,0,0
32,1,10000000000,0,0
32,2,10000000000000,0,0
33,1,10000000000,0,0
33,2,10000000000000,0,0
34,1,10000000000,0,0
34,2,10000000000000,0,0
35,1,10000000000,0,0
35,2,10000000000000,0,0
36,1,10000000000,0,0
36,2,10000000000000,0,0
37,1,10000000000,0,0
37,2,10000000000000,0,0
38,1,10000000000,0,0
38,2,10000000000000,0,0
39,1,10000000000,0,0
39,2,10000000000000,0,0
40,1,10000000000,0,0
40,2,10000000000000,0,0
41,1,10000000000,0,0
41,2,10000000000000,0,0
42,1,10000000000,0,0
42,2,10000000000000,0,0
43,1,10000000000,0,0
43,2,10000000000000,0,0
44,1,10000000000,0,0
44,2,10000000000000,0,0
45,1,10000000000,0,0
45,2,10000000000000,0,0
46,1,10000000000,0,0
46,2,10000000000000,0,0
47,1,10000000000,0,0
47,2,10000000000000,0,0
48,1,10000000000,0,0
48,2,10000000000000,0,0
49,1,10000000000,0,0
49,2,10000000000000,0,0
50,1,10000000000,0,0
50,2,10000000000000,0,0
51,1,10000000000,0,0
51,2,10000000000000,0,0
52,1,10000000000,0,0
52,2,10000000000000,0,0
53,1,10000000000,0,0
53,2,10000000000000,0,0
54,1,10000000000,0,0
54,2,10000000000000,0,0
55,1,10000000000,0,0
55,2,10000000000000,0,0
56,1,10000000000,0,0
56,2,10000000000000,0,0
57,1,10000000000,0,0
57,2,10000000000000,0,0
58,1,10000000000,0,0
58,2,10000000000000,0,0
59,1,10000000000,0,0
59,2,10000000000000,0,0
60,1,10000000000,0,0
60,2,10000000000000,0,0
61,1,10000000000,0,0
61,2,10000000000000,0,0
62,1,10000000000,0,0
62,2,10000000000000,0,0
63,1,10000000000,0,0
63,2,10000000000000,0,0
64,1,10000000000,0,0
64,2,10000000000000,0,0
65,1,10000000000,0,0
65,2,10000000000000,0,0
66,1,10000000000,0,0
66,2,10000000000000,0,0
67,1,10000000000,0,0
67,2,10000000000000,0,0
68,1,10000000000,0,0
68,2,10000000000000,0,0
69,1,10000000000,0,0
69,2,10000000000000,0,0
70,1,10000000000,0,0
70,2,10000000000000,0,0
71,1,10000000000,0,0
71,2,10000000000000,0,0
72,1,10000000000,0,0
72,2,10000000000000,0,0
73,1,10000000000,0,0
73,2,10000000000000,0,0
74,1,10000000000,0,0
74,2,10000000000000,0,0
75,1,10000000000,0,0
75,2,10000000000000,0,0
76,1,10000000000,0,0
76,2,10000000000000,0,0
77,1,10000000000,0,0
77,2,10000000000000,0,0
78,1,10000000000,0,0
78,2,10000000000000,0,0
79,1,10000000000,0,0
79,2,10000000000000,0,0
80,1,10000000000,0,0
80,2,10000000000000,0,0
81,1,10000000000,0,0
81,2,10000000000000,0,0
82,1,10000000000,0,0
82,2,10000000000000,0,0
83,1,10000000000,0,0
83,2,10000000000000,0,0
84,1,10000000000,0,0
84,2,10000000000000,0,0
85,1,10000000000,0,0
85,2,10000000000000,0,0
86,1,10000000000,0,0
86,2,10000000000000,0,0
87,1,10000000000,0,0
87,2,10000000000000,0,0
88,1,10000000000,0,0
88,2,10000000000000,0,0
89,1,10000000000,0,0
89,2,10000000000000,0,0
90,1,10000000000,0,0
90,2,10000000000000,0,0
91,1,10000000000,0,0
91,2,10000000000000,0,0
92,1,10000000000,0,0
92,2,10000000000000,0,0
93,1,10000000000,0,0
93,2,10000000000000,0,0
94,1,10000000000,0,0
94,2,10000000000000,0,0
95,1,10000000000,0,0
95,2,10000000000000,0,0
96,1,10000000000,0,0
96,2,10000000000000,0,0
97,1,10000000000,0,0
97,2,10000000000000,0,0
98,1,10000000000,0,0
98,2,10000000000000,0,0
99,1,10000000000,0,0
99,2,10000000000000,0,0
100,1,10000000000,0,0
100,2,10000000000000,0,0
101,1,10000000000,0,0
101,2,10000000000000,0,0
102,1,10000000000,0,0
102,2,10000000000000,0,0
103,1,10000000000,0,0
103,2,10000000000000,0,0
104,1,10000000000,0,0
104,2,10000000000000,0,0
105,1,10000000000,0,0
105,2,10000000000000,0,0
106,1,10000000000,0,0
106,2,10000000000000,0,0
107,1,10000000000,0,0
107,2,10000000000000,0,0
108,1,10000000000,0,0
108,2,10000000000000,0,0
109,1,10000000000,0,0
109,2,10000000000000,0,0
110,1,10000000000,0,0
110,2,10000000000000,0,0
111,1,10000000000,0,0
111,2,10000000000000,0,0
112,1,10000000000,0,0
112,2,10000000000000,0,0
113,1,10000000000,0,0
113,2,10000000000000,0,0
114,1,10000000000,0,0
114,2,10000000000000,0,0
115,1,10000000000,0,0
115,2,10000000000000,0,0
116,1,10000000000,0,0
116,2,10000000000000,0,0
117,1,10000000000,0,0
117,2,10000000000000,0,0
118,1,10000000000,0,0
118,2,10000000000000,0,0
119,1,10000000000,0,0
119,2,10000000000000,0,0
120,1,10000000000,0,0
120,2,10000000000000,0,0
121,1,10000000000,0,0
121,2,10000000000000,0,0
122,1,10000000000,0,0
122,2,10000000000000,0,0
123,1,10000000000,0,0
123,2,10000000000000,0,0
124,1,10000000000,0,0
124,2,10000000000000,0,0
125,1,10000000000,0,0
125,2,10000000000000,0,0
126,1,10000000000,0,0
126,2,10000000000000,0,0
127,1,10000000000,0,0
127,2,10000000000000,0,0
128,1,10000000000,0,0
128,2,10000000000000,0,0
129,1,10000000000,0,0
129,2,10000000000000,0,0
130,1,10000000000,0,0
130,2,10000000000000,0,0
131,1,10000000000,0,0
131,2,10000000000000,0,0
132,1,10000000000,0,0
132,2,10000000000000,0,0
133,1,10000000000,0,0
133,2,10000000000000,0,0
134,1,10000000000,0,0
134,2,10000000000000,0,0
135,1,10000000000,0,0
135,2,10000000000000,0,0
136,1,10000000000,0,0
136,2,10000000000000,0,0
137,1,10000000000,0,0
137,2,10000000000000,0,0
138,1,10000000000,0,0
138,2,10000000000000,0,0
139,1,10000000000,0,0
139,2,10000000000000,0,0
140,1,10000000000,0,0
140,2,10000000000000,0,0
141,1,10000000000,0,0
141,2,10000000000000,0,0
142,1,10000000000,0,0
142,2,10000000000000,0,0
143,1,10000000000,0,0
143,2,10000000000000,0,0
144,1,10000000000,0,0
144,2,10000000000000,0,0
145,1,10000000000,0,0
145,2,10000000000000,0,0
146,1,10000000000,0,0
146,2,10000000000000,0,0
147,1,10000000000,0,0
147,2,10000000000000,0,0
148,1,10000000000,0,0
148,2,10000000000000,0,0
149,1,10000000000,0,0
149,2,10000000000000,0,0
150,1,10000000000,0,0
150,2,10000000000000,0,0
151,1,10000000000,0,0
151,2,10000000000000,0,0
152,1,10000000000,0,0
152,2,10000000000000,0,0
153,1,10000000000,0,0
153,2,10000000000000,0,0
154,1,10000000000,0,0
154,2,10000000000000,0,0
155,1,10000000000,0,0
155,2,10000000000000,0,0
156,1,10000000000,0,0
156,2,10000000000000,0,0
157,1,10000000000,0,0
157,2,10000000000000,0,0
158,1,10000000000,0,0
158,2,10000000000000,0,0
159,1,10000000000,0,0
159,2,10000000000000,0,0
160,1,10000000000,0,0
160,2,10000000000000,0,0
161,1,10000000000,0,0
161,2,10000000000000,0,0
162,1,10000000000,0,0
162,2,10000000000000,0,0
163,1,10000000000,0,0
163,2,10000000000000,0,0
164,1,10000000000,0,0
164,2,10000000000000,0,0
165,1,10000000000,0,0
165,2,10000000000000,0,0
166,1,10000000000,0,0
166,2,10000000000000,0,0
167,1,10000000000,0,0
167,2,10000000000000,0,0
168,1,10000000000,0,0
168,2,10000000000000,0,0
169,1,10000000000,0,0
169,2,10000000000000,0,0
170,1,10000000000,0,0
170,2,10000000000000,0,0
171,1,10000000000,0,0
171,2,10000000000000,0,0
172,1,10000000000,0,0
172,2,10000000000000,0,0
173,1,10000000000,0,0
173,2,10000000000000,0,0
174,1,10000000000,0,0
174,2,10000000000000,0,0
175,1,10000000000,0,0
175,2,10000000000000,0,0
176,1,10000000000,0,0
176,2,10000000000000,0,0
177,1,10000000000,0,0
177,2,10000000000000,0,0
178,1,10000000000,0,0
178,2,10000000000000,0,0
179,1,10000000000,0,0
179,2,10000000000000,0,0
180,1,10000000000,0,0
180,2,10000000000000,0,0
181,1,10000000000,0,0
181,2,10000000000000,0,0
182,1,10000000000,0,0
182,2,10000000000000,0,0
183,1,10000000000,0,0
183,2,10000000000000,0,0
184,1,10000000000,0,0
184,2,10000000000000,0,0
185,1,10000000000,0,0
185,2,10000000000000,0,0
186,1,10000000000,0,0
186,2,10000000000000,0,0
187,1,10000000000,0,0
187,2,10000000000000,0,0
188,1,10000000000,0,0
188,2,10000000000000,0,0
189,1,10000000000,0,0
189,2,10000000000000,0,0
190,1,10000000000,0,0
190,2,10000000000000,0,0
191,1,10000000000,0,0
191,2,10000000000000,0,0
192,1,10000000000,0,0
192,2,10000000000000,0,0
193,1,10000000000,0,0
193,2,10000000000000,0,0
194,1,10000000000,0,0
194,2,10000000000000,0,0
195,1,10000000000,0,0
195,2,10000000000000,0,0
196,1,10000000000,0,0
196,2,10000000000000,0,0
197,1,10000000000,0,0
197,2,10000000000000,0,0
198,1,10000000000,0,0
198,2,10000000000000,0,0
199,1,10000000000,0,0
199,2,10000000000000,0,0
200,1,10000000000,0,0
200,2,10000000000000,0,0
201,1,10000000000,0,0
201,2,10000000000000,0,0
202,1,10000000000,0,0
202,2,10000000000000,0,0
203,1,10000000000,0,0
203,2,10000000000000,0,0
204,1,10000000000,0,0
204,2,10000000000000,0,0
205,1,10000000000,0,0
205,2,10000000000000,0,0
206,1,10000000000,0,0
206,2,10000000000000,0,0
207,1,10000000000,0,0
207,2,10000000000000,0,0
208,1,10000000000,0,0
208,2,10000000000000,0,0
209,1,10000000000,0,0
209,2,10000000000000,0,0
210,1,10000000000,0,0
210,2,10000000000000,0,0
211,1,10000000000,0,0
211,2,10000000000000,0,0
212,1,10000000000,0,0
212,2,10000000000000,0,0
213,1,10000000000,0,0
213,2,10000000000000,0,0
214,1,10000000000,0,0
214,2,10000000000000,0,0
215,1,10000000000,0,0
215,2,10000000000000,0,0
216,1,10000000000,0,0
216,2,10000000000000,0,0
217,1,10000000000,0,0
217,2,10000000000000,0,0
218,1,10000000000,0,0
218,2,10000000000000,0,0
219,1,10000000000,0,0
219,2,10000000000000,0,0
220,1,10000000000,0,0
220,2,10000000000000,0,0
221,1,10000000000,0,0
221,2,10000000000000,0,0
222,1,10000000000,0,0
222,2,10000000000000,0,0
223,1,10000000000,0,0
223,2,10000000000000,0,0
224,1,10000000000,0,0
224,2,10000000000000,0,0
225,1,10000000000,0,0
225,2,10000000000000,0,0
226,1,10000000000,0,0
226,2,10000000000000,0,0
227,1,10000000000,0,0
227,2,10000000000000,0,0
228,1,10000000000,0,0
228,2,10000000000000,0,0
229,1,10000000000,0,0
229,2,10000000000000,0,0
230,1,10000000000,0,0
230,2,10000000000000,0,0
231,1,10000000000,0,0
231,2,10000000000000,0,0
232,1,10000000000,0,0
232,2,10000000000000,0,0
233,1,10000000000,0,0
233,2,10000000000000,0,0
234,1,10000000000,0,0
234,2,10000000000000,0,0
235,1,10000000000,0,0
235,2,10000000000000,0,0
236,1,10000000000,0,0
236,2,10000000000000,0,0
237,1,10000000000,0,0
237,2,10000000000000,0,0
238,1,10000000000,0,0
238,2,10000000000000,0,0
239,1,10000000000,0,0
239,2,10000000000000,0,0
240,1,10000000000,0,0
240,2,10000000000000,0,0
241,1,10000000000,0,0
241,2,10000000000000,0,0
242,1,10000000000,0,0
242,2,10000000000000,0,0
243,1,10000000000,0,0
243,2,10000000000000,0,0
244,1,10000000000,0,0
244,2,10000000000000,0,0
245,1,10000000000,0,0
245,2,10000000000000,0,0
246,1,10000000000,0,0
246,2,10000000000000,0,0
247,1,10000000000,0,0
247,2,10000000000000,0,0
248,1,10000000000,0,0
248,2,10000000000000,0,0
249,1,10000000000,0,0
249,2,10000000000000,0,0
250,1,10000000000,0,0
250,2,10000000000000,0,0
251,1,10000000000,0,0
251,2,10000000000000,0,0
252,1,10000000000,0,0
252,2,10000000000000,0,0
253,1,10000000000,0,0
253,2,10000000000000,0,0
254,1,10000000000,0,0
254,2,10000000000000,0,0
255,1,10000000000,0,0
255,2,10000000000000,0,0
256,1,10000000000,0,0
256,2,10000000000000,0,0
257,1,10000000000,0,0
257,2,10000000000000,0,0
258,1,10000000000,0,0
258,2,10000000000000,0,0
259,1,10000000000,0,0
259,2,10000000000000,0,0
260,1,10000000000,0,0
260,2,10000000000000,0,0
261,1,10000000000,0,0
261,2,10000000000000,0,0
262,1,10000000000,0,0
262,2,10000000000000,0,0
263,1,10000000000,0,0
263,2,10000000000000,0,0
264,1,10000000000,0,0
264,2,10000000000000,0,0
265,1,10000000000,0,0
265,2,10000000000000,0,0
266,1,10000000000,0,0
266,2,10000000000000,0,0
267,1,10000000000,0,0
267,2,10000000000000,0,0
268,1,10000000000,0,0
268,2,10000000000000,0,0
269,1,10000000000,0,0
269,2,10000000000000,0,0
270,1,10000000000,0,0
270,2,10000000000000,0,0
271,1,10000000000,0,0
271,2,10000000000000,0,0
272,1,10000000000,0,0
272,2,10000000000000,0,0
273,1,10000000000,0,0
273,2,10000000000000,0,0
274,1,10000000000,0,0
274,2,10000000000000,0,0
275,1,10000000000,0,0
275,2,10000000000000,0,0
276,1,10000000000,0,0
276,2,10000000000000,0,0
277,1,10000000000,0,0
277,2,10000000000000,0,0
278,1,10000000000,0,0
278,2,10000000000000,0,0
279,1,10000000000,0,0
279,2,10000000000000,0,0
280,1,10000000000,0,0
280,2,10000000000000,0,0
281,1,10000000000,0,0
281,2,10000000000000,0,0
282,1,10000000000,0,0
282,2,10000000000000,0,0
283,1,10000000000,0,0
283,2,10000000000000,0,0
284,1,10000000000,0,0
284,2,10000000000000,0,0
285,1,10000000000,0,0
285,2,10000000000000,0,0
286,1,10000000000,0,0
286,2,10000000000000,0,0
287,1,10000000000,0,0
287,2,10000000000000,0,0
288,1,10000000000,0,0
288,2,10000000000000,0,0
289,1,10000000000,0,0
289,2,10000000000000,0,0
290,1,10000000000,0,0
290,2,10000000000000,0,0
291,1,10000000000,0,0
291,2,10000000000000,0,0
292,1,10000000000,0,0
292,2,10000000000000,0,0
293,1,10000000000,0,0
293,2,10000000000000,0,0
294,1,10000000000,0,0
294,2,10000000000000,0,0
295,1,10000000000,0,0
295,2,10000000000000,0,0
296,1,10000000000,0,0
296,2,10000000000000,0,0
297,1,10000000000,0,0
297,2,10000000000000,0,0
298,1,10000000000,0,0
298,2,10000000000000,0,0
299,1,10000000000,0,0
299,2,10000000000000,0,0
300,1,10000000000,0,0
300,2,10000000000000,0,0
301,1,10000000000,0,0
301,2,10000000000000,0,0
302,1,10000000000,0,0
302,2,10000000000000,0,0
303,1,10000000000,0,0
303,2,10000000000000,0,0
304,1,10000000000,0,0
304,2,10000000000000,0,0
305,1,10000000000,0,0
305,2,10000000000000,0,0
306,1,10000000000,0,0
306,2,10000000000000,0,0
307,1,10000000000,0,0
307,2,10000000000000,0,0
308,1,10000000000,0,0
308,2,10000000000000,0,0
309,1,10000000000,0,0
309,2,10000000000000,0,0
310,1,10000000000,0,0
310,2,10000000000000,0,0
311,1,10000000000,0,0
311,2,10000000000000,0,0
312,1,10000000000,0,0
312,2,10000000000000,0,0
313,1,10000000000,0,0
313,2,10000000000000,0,0
314,1,10000000000,0,0
314,2,10000000000000,0,0
315,1,10000000000,0,0
315,2,10000000000000,0,0
316,1,10000000000,0,0
316,2,10000000000000,0,0
317,1,10000000000,0,0
317,2,10000000000000,0,0
318,1,10000000000,0,0
318,2,10000000000000,0,0
319,1,10000000000,0,0
319,2,10000000000000,0,0
320,1,10000000000,0,0
320,2,10000000000000,0,0
321,1,10000000000,0,0
321,2,10000000000000,0,0
322,1,10000000000,0,0
322,2,10000000000000,0,0
323,1,10000000000,0,0
323,2,10000000000000,0,0
324,1,10000000000,0,0
324,2,10000000000000,0,0
325,1,10000000000,0,0
325,2,10000000000000,0,0
326,1,10000000000,0,0
326,2,10000000000000,0,0
327,1,10000000000,0,0
327,2,10000000000000,0,0
328,1,10000000000,0,0
328,2,10000000000000,0,0
329,1,10000000000,0,0
329,2,10000000000000,0,0
330,1,10000000000,0,0
330,2,10000000000000,0,0
331,1,10000000000,0,0
331,2,10000000000000,0,0
332,1,10000000000,0,0
332,2,10000000000000,0,0
333,1,10000000000,0,0
333,2,10000000000000,0,0
334,1,10000000000,0,0
334,2,10000000000000,0,0
335,1,10000000000,0,0
335,2,10000000000000,0,0
336,1,10000000000,0,0
336,2,10000000000000,0,0
337,1,10000000000,0,0
337,2,10000000000000,0,0
338,1,10000000000,0,0
338,2,10000000000000,0,0
339,1,10000000000,0,0
339,2,10000000000000,0,0
340,1,10000000000,0,0
340,2,10000000000000,0,0
341,1,10000000000,0,0
341,2,10000000000000,0,0
342,1,10000000000,0,0
342,2,10000000000000,0,0
343,1,10000000000,0,0
343,2,10000000000000,0,0
344,1,10000000000,0,0
344,2,10000000000000,0,0
345,1,10000000000,0,0
345,2,10000000000000,0,0
346,1,10000000000,0,0
346,2,10000000000000,0,0
347,1,10000000000,0,0
347,2,10000000000000,0,0
348,1,10000000000,0,0
348,2,10000000000000,0,0
349,1,10000000000,0,0
349,2,10000000000000,0,0
350,1,10000000000,0,0
350,2,10000000000000,0,0
351,1,10000000000,0,0
351,2,10000000000000,0,0
352,1,10000000000,0,0
352,2,10000000000000,0,0
353,1,10000000000,0,0
353,2,10000000000000,0,0
354,1,10000000000,0,0
354,2,10000000000000,0,0
355,1,10000000000,0,0
355,2,10000000000000,0,0
356,1,10000000000,0,0
356,2,10000000000000,0,0
357,1,10000000000,0,0
357,2,10000000000000,0,0
358,1,10000000000,0,0
358,2,10000000000000,0,0
359,1,10000000000,0,0
359,2,10000000000000,0,0
360,1,10000000000,0,0
360,2,10000000000000,0,0
361,1,10000000000,0,0
361,2,10000000000000,0,0
362,1,10000000000,0,0
362,2,10000000000000,0,0
363,1,10000000000,0,0
363,2,10000000000000,0,0
364,1,10000000000,0,0
364,2,10000000000000,0,0
365,1,10000000000,0,0
365,2,10000000000000,0,0
366,1,10000000000,0,0
366,2,10000000000000,0,0
367,1,10000000000,0,0
367,2,10000000000000,0,0
368,1,10000000000,0,0
368,2,10000000000000,0,0
369,1,10000000000,0,0
369,2,10000000000000,0,0
370,1,10000000000,0,0
370,2,10000000000000,0,0
371,1,10000000000,0,0
371,2,10000000000000,0,0
372,1,10000000000,0,0
372,2,10000000000000,0,0
373,1,10000000000,0,0
373,2,10000000000000,0,0
374,1,10000000000,0,0
374,2,10000000000000,0,0
375,1,10000000000,0,0
375,2,10000000000000,0,0
376,1,10000000000,0,0
376,2,10000000000000,0,0
377,1,10000000000,0,0
377,2,10000000000000,0,0
378,1,10000000000,0,0
378,2,10000000000000,0,0
379,1,10000000000,0,0
379,2,10000000000000,0,0
380,1,10000000000,0,0
380,2,10000000000000,0,0
381,1,10000000000,0,0
381,2,10000000000000,0,0
382,1,10000000000,0,0
382,2,10000000000000,0,0
383,1,10000000000,0,0
383,2,10000000000000,0,0
384,1,10000000000,0,0
384,2,10000000000000,0,0
385,1,10000000000,0,0
385,2,10000000000000,0,0
386,1,10000000000,0,0
386,2,10000000000000,0,0
387,1,10000000000,0,0
387,2,10000000000000,0,0
388,1,10000000000,0,0
388,2,10000000000000,0,0
389,1,10000000000,0,0
389,2,10000000000000,0,0
390,1,10000000000,0,0
390,2,10000000000000,0,0
391,1,10000000000,0,0
391,2,10000000000000,0,0
392,1,10000000000,0,0
392,2,10000000000000,0,0
393,1,10000000000,0,0
393,2,10000000000000,0,0
394,1,10000000000,0,0
394,2,10000000000000,0,0
395,1,10000000000,0,0
395,2,10000000000000,0,0
396,1,10000000000,0,0
396,2,10000000000000,0,0
397,1,10000000000,0,0
397,2,10000000000000,0,0
398,1,10000000000,0,0
398,2,10000000000000,0,0
399,1,10000000000,0,0
399,2,10000000000000,0,0
400,1,10000000000,0,0
400,2,10000000000000,0,0
401,1,10000000000,0,0
401,2,10000000000000,0,0
402,1,10000000000,0,0
402,2,10000000000000,0,0
403,1,10000000000,0,0
403,2,10000000000000,0,0
404,1,10000000000,0,0
404,2,10000000000000,0,0
405,1,10000000000,0,0
405,2,10000000000000,0,0
406,1,10000000000,0,0
406,2,10000000000000,0,0
407,1,10000000000,0,0
407,2,10000000000000,0,0
408,1,10000000000,0,0
408,2,10000000000000,0,0
409,1,10000000000,0,0
409,2,10000000000000,0,0
410,1,10000000000,0,0
410,2,10000000000000,0,0
411,1,10000000000,0,0
411,2,10000000000000,0,0
412,1,10000000000,0,0
412,2,10000000000000,0,0
413,1,10000000000,0,0
413,2,10000000000000,0,0
414,1,10000000000,0,0
414,2,10000000000000,0,0
415,1,10000000000,0,0
415,2,10000000000000,0,0
416,1,10000000000,0,0
416,2,10000000000000,0,0
417,1,10000000000,0,0
417,2,10000000000000,0,0
418,1,10000000000,0,0
418,2,10000000000000,0,0
419,1,10000000000,0,0
419,2,10000000000000,0,0
420,1,10000000000,0,0
420,2,10000000000000,0,0
421,1,10000000000,0,0
421,2,10000000000000,0,0
422,1,10000000000,0,0
422,2,10000000000000,0,0
423,1,10000000000,0,0
423,2,10000000000000,0,0
424,1,10000000000,0,0
424,2,10000000000000,0,0
425,1,10000000000,0,0
425,2,10000000000000,0,0
426,1,10000000000,0,0
426,2,10000000000000,0,0
427,1,10000000000,0,0
427,2,10000000000000,0,0
428,1,10000000000,0,0
428,2,10000000000000,0,0
429,1,10000000000,0,0
429,2,10000000000000,0,0
430,1,10000000000,0,0
430,2,10000000000000,0,0
431,1,10000000000,0,0
431,2,10000000000000,0,0
432,1,10000000000,0,0
432,2,10000000000000,0,0
433,1,10000000000,0,0
433,2,10000000000000,0,0
434,1,10000000000,0,0
434,2,10000000000000,0,0
435,1,10000000000,0,0
435,2,10000000000000,0,0
436,1,10000000000,0,0
436,2,10000000000000,0,0
437,1,10000000000,0,0
437,2,10000000000000,0,0
438,1,10000000000,0,0
438,2,10000000000000,0,0
439,1,10000000000,0,0
439,2,10000000000000,0,0
440,1,10000000000,0,0
440,2,10000000000000,0,0
441,1,10000000000,0,0
441,2,10000000000000,0,0
442,1,10000000000,0,0
442,2,10000000000000,0,0
443,1,10000000000,0,0
443,2,10000000000000,0,0
444,1,10000000000,0,0
444,2,10000000000000,0,0
445,1,10000000000,0,0
445,2,10000000000000,0,0
446,1,10000000000,0,0
446,2,10000000000000,0,0
447,1,10000000000,0,0
447,2,10000000000000,0,0
448,1,10000000000,0,0
448,2,10000000000000,0,0
449,1,10000000000,0,0
449,2,10000000000000,0,0
450,1,10000000000,0,0
450,2,10000000000000,0,0
451,1,10000000000,0,0
451,2,10000000000000,0,0
452,1,10000000000,0,0
452,2,10000000000000,0,0
453,1,10000000000,0,0
453,2,10000000000000,0,0
454,1,10000000000,0,0
454,2,10000000000000,0,0
455,1,10000000000,0,0
455,2,10000000000000,0,0
456,1,10000000000,0,0
456,2,10000000000000,0,0
457,1,10000000000,0,0
457,2,10000000000000,0,0
458,1,10000000000,0,0
458,2,10000000000000,0,0
459,1,10000000000,0,0
459,2,10000000000000,0,0
460,1,10000000000,0,0
460,2,10000000000000,0,0
461,1,10000000000,0,0
461,2,10000000000000,0,0
462,1,10000000000,0,0
462,2,10000000000000,0,0
463,1,10000000000,0,0
463,2,10000000000000,0,0
464,1,10000000000,0,0
464,2,10000000000000,0,0
465,1,10000000000,0,0
465,2,10000000000000,0,0
466,1,10000000000,0,0
466,2,10000000000000,0,0
467,1,10000000000,0,0
467,2,10000000000000,0,0
468,1,10000000000,0,0
468,2,10000000000000,0,0
469,1,10000000000,0,0
469,2,10000000000000,0,0
470,1,10000000000,0,0
470,2,10000000000000,0,0
471,1,10000000000,0,0
471,2,10000000000000,0,0
472,1,10000000000,0,0
472,2,10000000000000,0,0
473,1,10000000000,0,0
473,2,10000000000000,0,0
474,1,10000000000,0,0
474,2,10000000000000,0,0
475,1,10000000000,0,0
475,2,10000000000000,0,0
476,1,10000000000,0,0
476,2,10000000000000,0,0
477,1,10000000000,0,0
477,2,10000000000000,0,0
478,1,10000000000,0,0
478,2,10000000000000,0,0
479,1,10000000000,0,0
479,2,10000000000000,0,0
480,1,10000000000,0,0
480,2,10000000000000,0,0
481,1,10000000000,0,0
481,2,10000000000000,0,0
482,1,10000000000,0,0
482,2,10000000000000,0,0
483,1,10000000000,0,0
483,2,10000000000000,0,0
484,1,10000000000,0,0
484,2,10000000000000,0,0
485,1,10000000000,0,0
485,2,10000000000000,0,0
486,1,10000000000,0,0
486,2,10000000000000,0,0
487,1,10000000000,0,0
487,2,10000000000000,0,0
488,1,10000000000,0,0
488,2,10000000000000,0,0
489,1,10000000000,0,0
489,2,10000000000000,0,0
490,1,10000000000,0,0
490,2,10000000000000,0,0
491,1,10000000000,0,0
491,2,10000000000000,0,0
492,1,10000000000,0,0
492,2,10000000000000,0,0
493,1,10000000000,0,0
493,2,10000000000000,0,0
494,1,10000000000,0,0
494,2,10000000000000,0,0
495,1,10000000000,0,0
495,2,10000000000000,0,0
496,1,10000000000,0,0
496,2,10000000000000,0,0
497,1,10000000000,0,0
497,2,10000000000000,0,0
498,1,10000000000,0,0
498,2,10000000000000,0,0
499,1,10000000000,0,0
499,2,10000000000000,0,0
500,1,10000000000,0,0
500,2,10000000000000,0,0
501,1,10000000000,0,0
501,2,10000000000000,0,0
502,1,10000000000,0,0
502,2,10000000000000,0,0
503,1,10000000000,0,0
503,2,10000000000000,0,0
504,1,10000000000,0,0
504,2,10000000000000,0,0
505,1,10000000000,0,0
505,2,10000000000000,0,0
506,1,10000000000,0,0
506,2,10000000000000,0,0
507,1,10000000000,0,0
507,2,10000000000000,0,0
508,1,10000000000,0,0
508,2,10000000000000,0,0
509,1,10000000000,0,0
509,2,10000000000000,0,0
510,1,10000000000,0,0
510,2,10000000000000,0,0
511,1,10000000000,0,0
511,2,10000000000000,0,0
512,1,10000000000,0,0
512,2,10000000000000,0,0
513,1,10000000000,0,0
513,2,10000000000000,0,0
514,1,10000000000,0,0
514,2,10000000000000,0,0
515,1,10000000000,0,0
515,2,10000000000000,0,0
516,1,10000000000,0,0
516,2,10000000000000,0,0
517,1,10000000000,0,0
517,2,10000000000000,0,0
518,1,10000000000,0,0
518,2,10000000000000,0,0
519,1,10000000000,0,0
519,2,10000000000000,0,0
520,1,10000000000,0,0
520,2,10000000000000,0,0
521,1,10000000000,0,0
521,2,10000000000000,0,0
522,1,10000000000,0,0
522,2,10000000000000,0,0
523,1,10000000000,0,0
523,2,10000000000000,0,0
524,1,10000000000,0,0
524,2,10000000000000,0,0
525,1,10000000000,0,0
525,2,10000000000000,0,0
526,1,10000000000,0,0
526,2,10000000000000,0,0
527,1,10000000000,0,0
527,2,10000000000000,0,0
528,1,10000000000,0,0
528,2,10000000000000,0,0
529,1,10000000000,0,0
529,2,10000000000000,0,0
530,1,10000000000,0,0
530,2,10000000000000,0,0
531,1,10000000000,0,0
531,2,10000000000000,0,0
532,1,10000000000,0,0
532,2,10000000000000,0,0
533,1,10000000000,0,0
533,2,10000000000000,0,0
534,1,10000000000,0,0
534,2,10000000000000,0,0
535,1,10000000000,0,0
535,2,10000000000000,0,0
536,1,10000000000,0,0
536,2,10000000000000,0,0
537,1,10000000000,0,0
537,2,10000000000000,0,0
538,1,10000000000,0,0
538,2,10000000000000,0,0
539,1,10000000000,0,0
539,2,10000000000000,0,0
540,1,10000000000,0,0
540,2,10000000000000,0,0
541,1,10000000000,0,0
541,2,10000000000000,0,0
542,1,10000000000,0,0
542,2,10000000000000,0,0
543,1,10000000000,0,0
543,2,10000000000000,0,0
544,1,10000000000,0,0
544,2,10000000000000,0,0
545,1,10000000000,0,0
545,2,10000000000000,0,0
546,1,10000000000,0,0
546,2,10000000000000,0,0
547,1,10000000000,0,0
547,2,10000000000000,0,0
548,1,10000000000,0,0
548,2,10000000000000,0,0
549,1,10000000000,0,0
549,2,10000000000000,0,0
550,1,10000000000,0,0
550,2,10000000000000,0,0
551,1,10000000000,0,0
551,2,10000000000000,0,0
552,1,10000000000,0,0
552,2,10000000000000,0,0
553,1,10000000000,0,0
553,2,10000000000000,0,0
554,1,10000000000,0,0
554,2,10000000000000,0,0
555,1,10000000000,0,0
555,2,10000000000000,0,0
556,1,10000000000,0,0
556,2,10000000000000,0,0
557,1,10000000000,0,0
557,2,10000000000000,0,0
558,1,10000000000,0,0
558,2,10000000000000,0,0
559,1,10000000000,0,0
559,2,10000000000000,0,0
560,1,10000000000,0,0
560,2,10000000000000,0,0
561,1,10000000000,0,0
561,2,10000000000000,0,0
562,1,10000000000,0,0
562,2,10000000000000,0,0
563,1,10000000000,0,0
563,2,10000000000000,0,0
564,1,10000000000,0,0
564,2,10000000000000,0,0
565,1,10000000000,0,0
565,2,10000000000000,0,0
566,1,10000000000,0,0
566,2,10000000000000,0,0
567,1,10000000000,0,0
567,2,10000000000000,0,0
568,1,10000000000,0,0
568,2,10000000000000,0,0
569,1,10000000000,0,0
569,2,10000000000000,0,0
570,1,10000000000,0,0
570,2,10000000000000,0,0
571,1,10000000000,0,0
571,2,10000000000000,0,0
572,1,10000000000,0,0
572,2,10000000000000,0,0
573,1,10000000000,0,0
573,2,10000000000000,0,0
574,1,10000000000,0,0
574,2,10000000000000,0,0
575,1,10000000000,0,0
575,2,10000000000000,0,0
576,1,10000000000,0,0
576,2,10000000000000,0,0
577,1,10000000000,0,0
577,2,10000000000000,0,0
578,1,10000000000,0,0
578,2,10000000000000,0,0
579,1,10000000000,0,0
579,2,10000000000000,0,0
580,1,10000000000,0,0
580,2,10000000000000,0,0
581,1,10000000000,0,0
581,2,10000000000000,0,0
582,1,10000000000,0,0
582,2,10000000000000,0,0
583,1,10000000000,0,0
583,2,10000000000000,0,0
584,1,10000000000,0,0
584,2,10000000000000,0,0
585,1,10000000000,0,0
585,2,10000000000000,0,0
586,1,10000000000,0,0
586,2,10000000000000,0,0
587,1,10000000000,0,0
587,2,10000000000000,0,0
588,1,10000000000,0,0
588,2,10000000000000,0,0
589,1,10000000000,0,0
589,2,10000000000000,0,0
590,1,10000000000,0,0
590,2,10000000000000,0,0
591,1,10000000000,0,0
591,2,10000000000000,0,0
592,1,10000000000,0,0
592,2,10000000000000,0,0
593,1,10000000000,0,0
593,2,10000000000000,0,0
594,1,10000000000,0,0
594,2,10000000000000,0,0
595,1,10000000000,0,0
595,2,10000000000000,0,0
596,1,10000000000,0,0
596,2,10000000000000,0,0
597,1,10000000000,0,0
597,2,10000000000000,0,0
598,1,10000000000,0,0
598,2,10000000000000,0,0
599,1,10000000000,0,0
599,2,10000000000000,0,0
600,1,10000000000,0,0
600,2,10000000000000,0,0
601,1,10000000000,0,0
601,2,10000000000000,0,0
602,1,10000000000,0,0
602,2,10000000000000,0,0
603,1,10000000000,0,0
603,2,10000000000000,0,0
604,1,10000000000,0,0
604,2,10000000000000,0,0
605,1,10000000000,0,0
605,2,10000000000000,0,0
606,1,10000000000,0,0
606,2,10000000000000,0,0
607,1,10000000000,0,0
607,2,10000000000000,0,0
608,1,10000000000,0,0
608,2,10000000000000,0,0
609,1,10000000000,0,0
609,2,10000000000000,0,0
610,1,10000000000,0,0
610,2,10000000000000,0,0
611,1,10000000000,0,0
611,2,10000000000000,0,0
612,1,10000000000,0,0
612,2,10000000000000,0,0
613,1,10000000000,0,0
613,2,10000000000000,0,0
614,1,10000000000,0,0
614,2,10000000000000,0,0
615,1,10000000000,0,0
615,2,10000000000000,0,0
616,1,10000000000,0,0
616,2,10000000000000,0,0
617,1,10000000000,0,0
617,2,10000000000000,0,0
618,1,10000000000,0,0
618,2,10000000000000,0,0
619,1,10000000000,0,0
619,2,10000000000000,0,0
620,1,10000000000,0,0
620,2,10000000000000,0,0
621,1,10000000000,0,0
621,2,10000000000000,0,0
622,1,10000000000,0,0
622,2,10000000000000,0,0
623,1,10000000000,0,0
623,2,10000000000000,0,0
624,1,10000000000,0,0
624,2,10000000000000,0,0
625,1,10000000000,0,0
625,2,10000000000000,0,0
626,1,10000000000,0,0
626,2,10000000000000,0,0
627,1,10000000000,0,0
627,2,10000000000000,0,0
628,1,10000000000,0,0
628,2,10000000000000,0,0
629,1,10000000000,0,0
629,2,10000000000000,0,0
630,1,10000000000,0,0
630,2,10000000000000,0,0
631,1,10000000000,0,0
631,2,10000000000000,0,0
632,1,10000000000,0,0
632,2,10000000000000,0,0
633,1,10000000000,0,0
633,2,10000000000000,0,0
634,1,10000000000,0,0
634,2,10000000000000,0,0
635,1,10000000000,0,0
635,2,10000000000000,0,0
636,1,10000000000,0,0
636,2,10000000000000,0,0
637,1,10000000000,0,0
637,2,10000000000000,0,0
638,1,10000000000,0,0
638,2,10000000000000,0,0
639,1,10000000000,0,0
639,2,10000000000000,0,0
640,1,10000000000,0,0
640,2,10000000000000,0,0
641,1,10000000000,0,0
641,2,10000000000000,0,0
642,1,10000000000,0,0
642,2,10000000000000,0,0
643,1,10000000000,0,0
643,2,10000000000000,0,0
644,1,10000000000,0,0
644,2,10000000000000,0,0
645,1,10000000000,0,0
645,2,10000000000000,0,0
646,1,10000000000,0,0
646,2,10000000000000,0,0
647,1,10000000000,0,0
647,2,10000000000000,0,0
648,1,10000000000,0,0
648,2,10000000000000,0,0
649,1,10000000000,0,0
649,2,10000000000000,0,0
650,1,10000000000,0,0
650,2,10000000000000,0,0
651,1,10000000000,0,0
651,2,10000000000000,0,0
652,1,10000000000,0,0
652,2,10000000000000,0,0
653,1,10000000000,0,0
653,2,10000000000000,0,0
654,1,10000000000,0,0
654,2,10000000000000,0,0
655,1,10000000000,0,0
655,2,10000000000000,0,0
656,1,10000000000,0,0
656,2,10000000000000,0,0
657,1,10000000000,0,0
657,2,10000000000000,0,0
658,1,10000000000,0,0
658,2,10000000000000,0,0
659,1,10000000000,0,0
659,2,10000000000000,0,0
660,1,10000000000,0,0
660,2,10000000000000,0,0
661,1,10000000000,0,0
661,2,10000000000000,0,0
662,1,10000000000,0,0
662,2,10000000000000,0,0
663,1,10000000000,0,0
663,2,10000000000000,0,0
664,1,10000000000,0,0
664,2,10000000000000,0,0
665,1,10000000000,0,0
665,2,10000000000000,0,0
666,1,10000000000,0,0
666,2,10000000000000,0,0
667,1,10000000000,0,0
667,2,10000000000000,0,0
668,1,10000000000,0,0
668,2,10000000000000,0,0
669,1,10000000000,0,0
669,2,10000000000000,0,0
670,1,10000000000,0,0
670,2,10000000000000,0,0
671,1,10000000000,0,0
671,2,10000000000000,0,0
672,1,10000000000,0,0
672,2,10000000000000,0,0
673,1,10000000000,0,0
673,2,10000000000000,0,0
674,1,10000000000,0,0
674,2,10000000000000,0,0
675,1,10000000000,0,0
675,2,10000000000000,0,0
676,1,10000000000,0,0
676,2,10000000000000,0,0
677,1,10000000000,0,0
677,2,10000000000000,0,0
678,1,10000000000,0,0
678,2,10000000000000,0,0
679,1,10000000000,0,0
679,2,10000000000000,0,0
680,1,10000000000,0,0
680,2,10000000000000,0,0
681,1,10000000000,0,0
681,2,10000000000000,0,0
682,1,10000000000,0,0
682,2,10000000000000,0,0
683,1,10000000000,0,0
683,2,10000000000000,0,0
684,1,10000000000,0,0
684,2,10000000000000,0,0
685,1,10000000000,0,0
685,2,10000000000000,0,0
686,1,10000000000,0,0
686,2,10000000000000,0,0
687,1,10000000000,0,0
687,2,10000000000000,0,0
688,1,10000000000,0,0
688,2,10000000000000,0,0
689,1,10000000000,0,0
689,2,10000000000000,0,0
690,1,10000000000,0,0
690,2,10000000000000,0,0
691,1,10000000000,0,0
691,2,10000000000000,0,0
692,1,10000000000,0,0
692,2,10000000000000,0,0
693,1,10000000000,0,0
693,2,10000000000000,0,0
694,1,10000000000,0,0
694,2,10000000000000,0,0
695,1,10000000000,0,0
695,2,10000000000000,0,0
696,1,10000000000,0,0
696,2,10000000000000,0,0
697,1,10000000000,0,0
697,2,10000000000000,0,0
698,1,10000000000,0,0
698,2,10000000000000,0,0
699,1,10000000000,0,0
699,2,10000000000000,0,0
700,1,10000000000,0,0
700,2,10000000000000,0,0
701,1,10000000000,0,0
701,2,10000000000000,0,0
702,1,10000000000,0,0
702,2,10000000000000,0,0
703,1,10000000000,0,0
703,2,10000000000000,0,0
704,1,10000000000,0,0
704,2,10000000000000,0,0
705,1,10000000000,0,0
705,2,10000000000000,0,0
706,1,10000000000,0,0
706,2,10000000000000,0,0
707,1,10000000000,0,0
707,2,10000000000000,0,0
708,1,10000000000,0,0
708,2,10000000000000,0,0
709,1,10000000000,0,0
709,2,10000000000000,0,0
710,1,10000000000,0,0
710,2,10000000000000,0,0
711,1,10000000000,0,0
711,2,10000000000000,0,0
712,1,10000000000,0,0
712,2,10000000000000,0,0
713,1,10000000000,0,0
713,2,10000000000000,0,0
714,1,10000000000,0,0
714,2,10000000000000,0,0
715,1,10000000000,0,0
715,2,10000000000000,0,0
716,1,10000000000,0,0
716,2,10000000000000,0,0
717,1,10000000000,0,0
717,2,10000000000000,0,0
718,1,10000000000,0,0
718,2,10000000000000,0,0
719,1,10000000000,0,0
719,2,10000000000000,0,0
720,1,10000000000,0,0
720,2,10000000000000,0,0
721,1,10000000000,0,0
721,2,10000000000000,0,0
722,1,10000000000,0,0
722,2,10000000000000,0,0
723,1,10000000000,0,0
723,2,10000000000000,0,0
724,1,10000000000,0,0
724,2,10000000000000,0,0
725,1,10000000000,0,0
725,2,10000000000000,0,0
726,1,10000000000,0,0
726,2,10000000000000,0,0
727,1,10000000000,0,0
727,2,10000000000000,0,0
728,1,10000000000,0,0
728,2,10000000000000,0,0
729,1,10000000000,0,0
729,2,10000000000000,0,0
730,1,10000000000,0,0
730,2,10000000000000,0,0
731,1,10000000000,0,0
731,2,10000000000000,0,0
732,1,10000000000,0,0
732,2,10000000000000,0,0
733,1,10000000000,0,0
733,2,10000000000000,0,0
734,1,10000000000,0,0
734,2,10000000000000,0,0
735,1,10000000000,0,0
735,2,10000000000000,0,0
736,1,10000000000,0,0
736,2,10000000000000,0,0
737,1,10000000000,0,0
737,2,10000000000000,0,0
738,1,10000000000,0,0
738,2,10000000000000,0,0
739,1,10000000000,0,0
739,2,10000000000000,0,0
740,1,10000000000,0,0
740,2,10000000000000,0,0
741,1,10000000000,0,0
741,2,10000000000000,0,0
742,1,10000000000,0,0
742,2,10000000000000,0,0
743,1,10000000000,0,0
743,2,10000000000000,0,0
744,1,10000000000,0,0
744,2,10000000000000,0,0
745,1,10000000000,0,0
745,2,10000000000000,0,0
746,1,10000000000,0,0
746,2,10000000000000,0,0
747,1,10000000000,0,0
747,2,10000000000000,0,0
748,1,10000000000,0,0
748,2,10000000000000,0,0
749,1,10000000000,0,0
749,2,10000000000000,0,0
750,1,10000000000,0,0
750,2,10000000000000,0,0
751,1,10000000000,0,0
751,2,10000000000000,0,0
752,1,10000000000,0,0
752,2,10000000000000,0,0
753,1,10000000000,0,0
753,2,10000000000000,0,0
754,1,10000000000,0,0
754,2,10000000000000,0,0
755,1,10000000000,0,0
755,2,10000000000000,0,0
756,1,10000000000,0,0
756,2,10000000000000,0,0
757,1,10000000000,0,0
757,2,10000000000000,0,0
758,1,10000000000,0,0
758,2,10000000000000,0,0
759,1,10000000000,0,0
759,2,10000000000000,0,0
760,1,10000000000,0,0
760,2,10000000000000,0,0
761,1,10000000000,0,0
761,2,10000000000000,0,0
762,1,10000000000,0,0
762,2,10000000000000,0,0
763,1,10000000000,0,0
763,2,10000000000000,0,0
764,1,10000000000,0,0
764,2,10000000000000,0,0
765,1,10000000000,0,0
765,2,10000000000000,0,0
766,1,10000000000,0,0
766,2,10000000000000,0,0
767,1,10000000000,0,0
767,2,10000000000000,0,0
768,1,10000000000,0,0
768,2,10000000000000,0,0
769,1,10000000000,0,0
769,2,10000000000000,0,0
770,1,10000000000,0,0
770,2,10000000000000,0,0
771,1,10000000000,0,0
771,2,10000000000000,0,0
772,1,10000000000,0,0
772,2,10000000000000,0,0
773,1,10000000000,0,0
773,2,10000000000000,0,0
774,1,10000000000,0,0
774,2,10000000000000,0,0
775,1,10000000000,0,0
775,2,10000000000000,0,0
776,1,10000000000,0,0
776,2,10000000000000,0,0
777,1,10000000000,0,0
777,2,10000000000000,0,0
778,1,10000000000,0,0
778,2,10000000000000,0,0
779,1,10000000000,0,0
779,2,10000000000000,0,0
780,1,10000000000,0,0
780,2,10000000000000,0,0
781,1,10000000000,0,0
781,2,10000000000000,0,0
782,1,10000000000,0,0
782,2,10000000000000,0,0
783,1,10000000000,0,0
783,2,10000000000000,0,0
784,1,10000000000,0,0
784,2,10000000000000,0,0
785,1,10000000000,0,0
785,2,10000000000000,0,0
786,1,10000000000,0,0
786,2,10000000000000,0,0
787,1,10000000000,0,0
787,2,10000000000000,0,0
788,1,10000000000,0,0
788,2,10000000000000,0,0
789,1,10000000000,0,0
789,2,10000000000000,0,0
790,1,10000000000,0,0
790,2,10000000000000,0,0
791,1,10000000000,0,0
791,2,10000000000000,0,0
792,1,10000000000,0,0
792,2,10000000000000,0,0
793,1,10000000000,0,0
793,2,10000000000000,0,0
794,1,10000000000,0,0
794,2,10000000000000,0,0
795,1,10000000000,0,0
795,2,10000000000000,0,0
796,1,10000000000,0,0
796,2,10000000000000,0,0
797,1,10000000000,0,0
797,2,10000000000000,0,0
798,1,10000000000,0,0
798,2,10000000000000,0,0
799,1,10000000000,0,0
799,2,10000000000000,0,0
800,1,10000000000,0,0
800,2,10000000000000,0,0
801,1,10000000000,0,0
801,2,10000000000000,0,0
802,1,10000000000,0,0
802,2,10000000000000,0,0
803,1,10000000000,0,0
803,2,10000000000000,0,0
804,1,10000000000,0,0
804,2,10000000000000,0,0
805,1,10000000000,0,0
805,2,10000000000000,0,0
806,1,10000000000,0,0
806,2,10000000000000,0,0
807,1,10000000000,0,0
807,2,10000000000000,0,0
808,1,10000000000,0,0
808,2,10000000000000,0,0
809,1,10000000000,0,0
809,2,10000000000000,0,0
810,1,10000000000,0,0
810,2,10000000000000,0,0
811,1,10000000000,0,0
811,2,10000000000000,0,0
812,1,10000000000,0,0
812,2,10000000000000,0,0
813,1,10000000000,0,0
813,2,10000000000000,0,0
814,1,10000000000,0,0
814,2,10000000000000,0,0
815,1,10000000000,0,0
815,2,10000000000000,0,0
816,1,10000000000,0,0
816,2,10000000000000,0,0
817,1,10000000000,0,0
817,2,10000000000000,0,0
818,1,10000000000,0,0
818,2,10000000000000,0,0
819,1,10000000000,0,0
819,2,10000000000000,0,0
820,1,10000000000,0,0
820,2,10000000000000,0,0
821,1,10000000000,0,0
821,2,10000000000000,0,0
822,1,10000000000,0,0
822,2,10000000000000,0,0
823,1,10000000000,0,0
823,2,10000000000000,0,0
824,1,10000000000,0,0
824,2,10000000000000,0,0
825,1,10000000000,0,0
825,2,10000000000000,0,0
826,1,10000000000,0,0
826,2,10000000000000,0,0
827,1,10000000000,0,0
827,2,10000000000000,0,0
828,1,10000000000,0,0
828,2,10000000000000,0,0
829,1,10000000000,0,0
829,2,10000000000000,0,0
830,1,10000000000,0,0
830,2,10000000000000,0,0
831,1,10000000000,0,0
831,2,10000000000000,0,0
832,1,10000000000,0,0
832,2,10000000000000,0,0
833,1,10000000000,0,0
833,2,10000000000000,0,0
834,1,10000000000,0,0
834,2,10000000000000,0,0
835,1,10000000000,0,0
835,2,10000000000000,0,0
836,1,10000000000,0,0
836,2,10000000000000,0,0
837,1,10000000000,0,0
837,2,10000000000000,0,0
838,1,10000000000,0,0
838,2,10000000000000,0,0
839,1,10000000000,0,0
839,2,10000000000000,0,0
840,1,10000000000,0,0
840,2,10000000000000,0,0
841,1,10000000000,0,0
841,2,10000000000000,0,0
842,1,10000000000,0,0
842,2,10000000000000,0,0
843,1,10000000000,0,0
843,2,10000000000000,0,0
844,1,10000000000,0,0
844,2,10000000000000,0,0
845,1,10000000000,0,0
845,2,10000000000000,0,0
846,1,10000000000,0,0
846,2,10000000000000,0,0
847,1,10000000000,0,0
847,2,10000000000000,0,0
848,1,10000000000,0,0
848,2,10000000000000,0,0
849,1,10000000000,0,0
849,2,10000000000000,0,0
850,1,10000000000,0,0
850,2,10000000000000,0,0
851,1,10000000000,0,0
851,2,10000000000000,0,0
852,1,10000000000,0,0
852,2,10000000000000,0,0
853,1,10000000000,0,0
853,2,10000000000000,0,0
854,1,10000000000,0,0
854,2,10000000000000,0,0
855,1,10000000000,0,0
855,2,10000000000000,0,0
856,1,10000000000,0,0
856,2,10000000000000,0,0
857,1,10000000000,0,0
857,2,10000000000000,0,0
858,1,10000000000,0,0
858,2,10000000000000,0,0
859,1,10000000000,0,0
859,2,10000000000000,0,0
860,1,10000000000,0,0
860,2,10000000000000,0,0
861,1,10000000000,0,0
861,2,10000000000000,0,0
862,1,10000000000,0,0
862,2,10000000000000,0,0
863,1,10000000000,0,0
863,2,10000000000000,0,0
864,1,10000000000,0,0
864,2,10000000000000,0,0
865,1,10000000000,0,0
865,2,10000000000000,0,0
866,1,10000000000,0,0
866,2,10000000000000,0,0
867,1,10000000000,0,0
867,2,10000000000000,0,0
868,1,10000000000,0,0
868,2,10000000000000,0,0
869,1,10000000000,0,0
869,2,10000000000000,0,0
870,1,10000000000,0,0
870,2,10000000000000,0,0
871,1,10000000000,0,0
871,2,10000000000000,0,0
872,1,10000000000,0,0
872,2,10000000000000,0,0
873,1,10000000000,0,0
873,2,10000000000000,0,0
874,1,10000000000,0,0
874,2,10000000000000,0,0
875,1,10000000000,0,0
875,2,10000000000000,0,0
876,1,10000000000,0,0
876,2,10000000000000,0,0
877,1,10000000000,0,0
877,2,10000000000000,0,0
878,1,10000000000,0,0
878,2,10000000000000,0,0
879,1,10000000000,0,0
879,2,10000000000000,0,0
880,1,10000000000,0,0
880,2,10000000000000,0,0
881,1,10000000000,0,0
881,2,10000000000000,0,0
882,1,10000000000,0,0
882,2,10000000000000,0,0
883,1,10000000000,0,0
883,2,10000000000000,0,0
884,1,10000000000,0,0
884,2,10000000000000,0,0
885,1,10000000000,0,0
885,2,10000000000000,0,0
886,1,10000000000,0,0
886,2,10000000000000,0,0
887,1,10000000000,0,0
887,2,10000000000000,0,0
888,1,10000000000,0,0
888,2,10000000000000,0,0
889,1,10000000000,0,0
889,2,10000000000000,0,0
890,1,10000000000,0,0
890,2,10000000000000,0,0
891,1,10000000000,0,0
891,2,10000000000000,0,0
892,1,10000000000,0,0
892,2,10000000000000,0,0
893,1,10000000000,0,0
893,2,10000000000000,0,0
894,1,10000000000,0,0
894,2,10000000000000,0,0
895,1,10000000000,0,0
895,2,10000000000000,0,0
896,1,10000000000,0,0
896,2,10000000000000,0,0
897,1,10000000000,0,0
897,2,10000000000000,0,0
898,1,10000000000,0,0
898,2,10000000000000,0,0
899,1,10000000000,0,0
899,2,10000000000000,0,0
900,1,10000000000,0,0
900,2,10000000000000,0,0
901,1,10000000000,0,0
901,2,10000000000000,0,0
902,1,10000000000,0,0
902,2,10000000000000,0,0
903,1,10000000000,0,0
903,2,10000000000000,0,0
904,1,10000000000,0,0
904,2,10000000000000,0,0
905,1,10000000000,0,0
905,2,10000000000000,0,0
906,1,10000000000,0,0
906,2,10000000000000,0,0
907,1,10000000000,0,0
907,2,10000000000000,0,0
908,1,10000000000,0,0
908,2,10000000000000,0,0
909,1,10000000000,0,0
909,2,10000000000000,0,0
910,1,10000000000,0,0
910,2,10000000000000,0,0
911,1,10000000000,0,0
911,2,10000000000000,0,0
912,1,10000000000,0,0
912,2,10000000000000,0,0
913,1,10000000000,0,0
913,2,10000000000000,0,0
914,1,10000000000,0,0
914,2,10000000000000,0,0
915,1,10000000000,0,0
915,2,10000000000000,0,0
916,1,10000000000,0,0
916,2,10000000000000,0,0
917,1,10000000000,0,0
917,2,10000000000000,0,0
918,1,10000000000,0,0
918,2,10000000000000,0,0
919,1,10000000000,0,0
919,2,10000000000000,0,0
920,1,10000000000,0,0
920,2,10000000000000,0,0
921,1,10000000000,0,0
921,2,10000000000000,0,0
922,1,10000000000,0,0
922,2,10000000000000,0,0
923,1,10000000000,0,0
923,2,10000000000000,0,0
924,1,10000000000,0,0
924,2,10000000000000,0,0
925,1,10000000000,0,0
925,2,10000000000000,0,0
926,1,10000000000,0,0
926,2,10000000000000,0,0
927,1,10000000000,0,0
927,2,10000000000000,0,0
928,1,10000000000,0,0
928,2,10000000000000,0,0
929,1,10000000000,0,0
929,2,10000000000000,0,0
930,1,10000000000,0,0
930,2,10000000000000,0,0
931,1,10000000000,0,0
931,2,10000000000000,0,0
932,1,10000000000,0,0
932,2,10000000000000,0,0
933,1,10000000000,0,0
933,2,10000000000000,0,0
934,1,10000000000,0,0
934,2,10000000000000,0,0
935,1,10000000000,0,0
935,2,10000000000000,0,0
936,1,10000000000,0,0
936,2,10000000000000,0,0
937,1,10000000000,0,0
937,2,10000000000000,0,0
938,1,10000000000,0,0
938,2,10000000000000,0,0
939,1,10000000000,0,0
939,2,10000000000000,0,0
940,1,10000000000,0,0
940,2,10000000000000,0,0
941,1,10000000000,0,0
941,2,10000000000000,0,0
942,1,10000000000,0,0
942,2,10000000000000,0,0
943,1,10000000000,0,0
943,2,10000000000000,0,0
944,1,10000000000,0,0
944,2,10000000000000,0,0
945,1,10000000000,0,0
945,2,10000000000000,0,0
946,1,10000000000,0,0
946,2,10000000000000,0,0
947,1,10000000000,0,0
947,2,10000000000000,0,0
948,1,10000000000,0,0
948,2,10000000000000,0,0
949,1,10000000000,0,0
949,2,10000000000000,0,0
950,1,10000000000,0,0
950,2,10000000000000,0,0
951,1,10000000000,0,0
951,2,10000000000000,0,0
952,1,10000000000,0,0
952,2,10000000000000,0,0
953,1,10000000000,0,0
953,2,10000000000000,0,0
954,1,10000000000,0,0
954,2,10000000000000,0,0
955,1,10000000000,0,0
955,2,10000000000000,0,0
956,1,10000000000,0,0
956,2,10000000000000,0,0
957,1,10000000000,0,0
957,2,10000000000000,0,0
958,1,10000000000,0,0
958,2,10000000000000,0,0
959,1,10000000000,0,0
959,2,10000000000000,0,0
960,1,10000000000,0,0
960,2,10000000000000,0,0
961,1,10000000000,0,0
961,2,10000000000000,0,0
962,1,10000000000,0,0
962,2,10000000000000,0,0
963,1,10000000000,0,0
963,2,10000000000000,0,0
964,1,10000000000,0,0
964,2,10000000000000,0,0
965,1,10000000000,0,0
965,2,10000000000000,0,0
966,1,10000000000,0,0
966,2,10000000000000,0,0
967,1,10000000000,0,0
967,2,10000000000000,0,0
968,1,10000000000,0,0
968,2,10000000000000,0,0
969,1,10000000000,0,0
969,2,10000000000000,0,0
970,1,10000000000,0,0
970,2,10000000000000,0,0
971,1,10000000000,0,0
971,2,10000000000000,0,0
972,1,10000000000,0,0
972,2,10000000000000,0,0
973,1,10000000000,0,0
973,2,10000000000000,0,0
974,1,10000000000,0,0
974,2,10000000000000,0,0
975,1,10000000000,0,0
975,2,10000000000000,0,0
976,1,10000000000,0,0
976,2,10000000000000,0,0
977,1,10000000000,0,0
977,2,10000000000000,0,0
978,1,10000000000,0,0
978,2,10000000000000,0,0
979,1,10000000000,0,0
979,2,10000000000000,0,0
980,1,10000000000,0,0
980,2,10000000000000,0,0
981,1,10000000000,0,0
981,2,10000000000000,0,0
982,1,10000000000,0,0
982,2,10000000000000,0,0
983,1,10000000000,0,0
983,2,10000000000000,0,0
984,1,10000000000,0,0
984,2,10000000000000,0,0
985,1,10000000000,0,0
985,2,10000000000000,0,0
986,1,10000000000,0,0
986,2,10000000000000,0,0
987,1,10000000000,0,0
987,2,10000000000000,0,0
988,1,10000000000,0,0
988,2,10000000000000,0,0
989,1,10000000000,0,0
989,2,10000000000000,0,0
990,1,10000000000,0,0
990,2,10000000000000,0,0
991,1,10000000000,0,0
991,2,10000000000000,0,0
992,1,10000000000,0,0
992,2,10000000000000,0,0
993,1,10000000000,0,0
993,2,10000000000000,0,0
994,1,10000000000,0,0
994,2,10000000000000,0,0
995,1,10000000000,0,0
995,2,10000000000000,0,0
996,1,10000000000,0,0
996,2,10000000000000,0,0
997,1,10000000000,0,0
997,2,10000000000000,0,0
998,1,10000000000,0,0
998,2,10000000000000,0,0
999,1,10000000000,0,0
999,2,10000000000000,0,0
1000,1,10000000000,0,0
1000,2,10000000000000,0,0
